"Id","Title","Team","Subteam","Location","Posting Date Time","Job URL","Posting Date","Job Status","Days Active"
"326771080","QA Test Lead, Internal Games Studios","Not Specified","Internal Games Studio","Los Angeles, California","2024-04-18T15:21:37.000Z","https://jobs.netflix.com/jobs/326771080","2024-04-18T00:00:00.000","Open","7"
"326677592","Manager, Talent Management & Learning - EMEA","Talent and Recruiting","Talent Management","Amsterdam, Netherlands","2024-04-18T02:38:19.000Z","https://jobs.netflix.com/jobs/326677592","2024-04-18T00:00:00.000","Open","7"
"326675762","Licensing Coordinator, Consumer Products, Japan - APAC","Consumer Products","Consumer Products","Tokyo, Japan","2024-04-18T02:23:22.000Z","https://jobs.netflix.com/jobs/326675762","2024-04-18T00:00:00.000","Open","7"
"326653158","Senior Content Designer, Core","Design","Product Design","Remote, United States","2024-04-17T23:16:33.000Z","https://jobs.netflix.com/jobs/326653158","2024-04-17T00:00:00.000","Open","8"
"326543135","Account Manager - Italy","Advertising","Ads Core","Milan, Italy","2024-04-17T08:16:49.000Z","https://jobs.netflix.com/jobs/326543135","2024-04-17T00:00:00.000","Closed","0"
"326503418","AV Producer, PR - EMEA","Publicity","Communications","London, United Kingdom","2024-04-17T02:51:37.000Z","https://jobs.netflix.com/jobs/326503418","2024-04-17T00:00:00.000","Closed","7"
"326432558","UI Engineer L5 - Ads Platform Engineering","Core Engineering","Ads Core","Remote, United States","2024-04-16T15:22:57.000Z","https://jobs.netflix.com/jobs/326432558","2024-04-16T00:00:00.000","Open","9"
"326494262","Associate, Finance, Strategy & Analysis - EMEA Studio","Finance","Production Finance","London, United Kingdom","2024-04-16T10:56:21.000Z","https://jobs.netflix.com/jobs/326494262","2024-04-16T00:00:00.000","Open","9"
"326393975","Associate, Production Finance - Italy","Finance","Production Finance","Rome, Italy","2024-04-16T10:50:34.000Z","https://jobs.netflix.com/jobs/326393975","2024-04-16T00:00:00.000","Open","9"
"326336897","Associate, Content and Studio Financial Planning & Analysis (FP&A) - APAC","Financial Planning and Analysis","FP&A, Content","Singapore, Singapore","2024-04-16T03:06:43.000Z","https://jobs.netflix.com/jobs/326336897","2024-04-16T00:00:00.000","Closed","9"
"326336898","Associate, Content and Studio Financial Planning & Analysis (FP&A) - APAC","Financial Planning and Analysis","FP&A, Content","Seoul, South Korea","2024-04-16T03:05:23.000Z","https://jobs.netflix.com/jobs/326336898","2024-04-16T00:00:00.000","Open","9"
"326299978","Sr. Manager, Ads Strategy, Planning & Analysis","Advertising","FS&A, Ads","Los Angeles, California","2024-04-15T22:01:21.000Z","https://jobs.netflix.com/jobs/326299978","2024-04-15T00:00:00.000","Open","10"
"326263065","Analytics Engineer (L5) - Finance","Data Science and Engineering","Data Science and Engineering","Los Gatos, California","2024-04-15T17:09:00.000Z","https://jobs.netflix.com/jobs/326263065","2024-04-15T00:00:00.000","Open","10"
"326212866","Coordinator, Music Creative Production - India","Production Management","Production","Mumbai, India","2024-04-15T10:23:51.000Z","https://jobs.netflix.com/jobs/326212866","2024-04-15T00:00:00.000","Open","10"
"326186744","Manager, Public Policy - Korea","Legal and Public Policy","Public Policy","Seoul, South Korea","2024-04-15T06:54:17.000Z","https://jobs.netflix.com/jobs/326186744","2024-04-15T00:00:00.000","Open","10"
"326180534","Manager, Korean Non-fiction Originals (Creative)","Content Acquisition","APAC Content","Seoul, South Korea","2024-04-15T06:02:23.000Z","https://jobs.netflix.com/jobs/326180534","2024-04-15T00:00:00.000","Open","10"
"326154494","Associate, Strategy & Analysis, Engineering","Finance","FS&A, Products & Technology","Los Gatos, California","2024-04-12T23:40:04.000Z","https://jobs.netflix.com/jobs/326154494","2024-04-12T00:00:00.000","Open","13"
"326706939","Manager, Content Risk - Mexico","Production Services and Technology","Production Security and Intelligence","Mexico City, Mexico","2024-04-12T22:44:28.000Z","https://jobs.netflix.com/jobs/326706939","2024-04-12T00:00:00.000","Open","13"
"326154495","Senior Accountant","Finance","Finance Core","Los Angeles, California","2024-04-12T20:45:06.000Z","https://jobs.netflix.com/jobs/326154495","2024-04-12T00:00:00.000","Open","13"
"326154496","Manager, Production - Adult Animation Genre","Production Management","Production","Los Angeles, California","2024-04-12T20:38:04.000Z","https://jobs.netflix.com/jobs/326154496","2024-04-12T00:00:00.000","Closed","11"
"326147586","PR Coordinator","Publicity","Publicity","Toronto, Canada","2024-04-11T23:08:24.000Z","https://jobs.netflix.com/jobs/326147586","2024-04-11T00:00:00.000","Open","14"
"326102740","Social Manager, Netflix Geeked","Editorial and Publishing","Editorial and Publishing","Los Angeles, California","2024-04-11T17:10:37.000Z","https://jobs.netflix.com/jobs/326102740","2024-04-11T00:00:00.000","Open","14"
"326012865","Engineering Manager - Content Engineering","Core Engineering","Content Engineering Core","Warsaw, Poland","2024-04-11T05:20:44.000Z","https://jobs.netflix.com/jobs/326012865","2024-04-11T00:00:00.000","Open","14"
"325961674","Lead Gameplay Designer, Games Studio (Blue)","Netflix Games Studio","Gaming","Remote, United States","2024-04-10T21:17:54.000Z","https://jobs.netflix.com/jobs/325961674","2024-04-10T00:00:00.000","Open","15"
"325950334","Cloud Network Engineer (L4) - Cloud Engineering","Core Engineering","Cloud Infrastructure","Remote, United States","2024-04-10T20:46:51.000Z","https://jobs.netflix.com/jobs/325950334","2024-04-10T00:00:00.000","Open","15"
"325985023","Product Manager, Games Messaging","Product Management","Product Management Core","Los Gatos, California","2024-04-10T18:50:21.000Z","https://jobs.netflix.com/jobs/325985023","2024-04-10T00:00:00.000","Open","15"
"325930149","Taxonomy Strategist","Product Discovery and Promotion","Product Discovery and Promotion","Los Gatos, California","2024-04-10T18:25:45.000Z","https://jobs.netflix.com/jobs/325930149","2024-04-10T00:00:00.000","Open","15"
"325921946","Financial Analyst, Contingent Compensation (Royalties/Participations)","Finance","Controllership","Los Angeles, California","2024-04-10T17:24:10.000Z","https://jobs.netflix.com/jobs/325921946","2024-04-10T00:00:00.000","Open","15"
"325860836","Technology Experience Specialist","Netflix Technology Services","Netflix Technology Services","Amsterdam, Netherlands","2024-04-10T09:16:35.000Z","https://jobs.netflix.com/jobs/325860836","2024-04-10T00:00:00.000","Closed","0"
"326154509","Design Manager, Title & Launch Management","Design","Product Design","Remote, United States","2024-04-10T02:47:54.000Z","https://jobs.netflix.com/jobs/326154509","2024-04-10T00:00:00.000","Open","15"
"325802076","Account Manager - Japan","Advertising","Ads Core","Tokyo, Japan","2024-04-10T01:31:23.000Z","https://jobs.netflix.com/jobs/325802076","2024-04-10T00:00:00.000","Open","15"
"325800810","Account Manager - Korea","Advertising","Ads Core","Seoul, South Korea","2024-04-10T01:20:17.000Z","https://jobs.netflix.com/jobs/325800810","2024-04-10T00:00:00.000","Open","15"
"325799546","Sales Partner - Korea","Advertising","Ads Core","Seoul, South Korea","2024-04-10T01:12:27.000Z","https://jobs.netflix.com/jobs/325799546","2024-04-10T00:00:00.000","Open","15"
"326117934","Associate Counsel, Marketing Legal","Legal and Public Policy","Legal Core","Los Angeles, California","2024-04-08T21:12:25.000Z","https://jobs.netflix.com/jobs/326117934","2024-04-08T00:00:00.000","Open","17"
"325753456","Technical Program Manager L6 - Cloud Games","Core Engineering","Gaming","Los Gatos, California","2024-04-08T20:26:03.000Z","https://jobs.netflix.com/jobs/325753456","2024-04-08T00:00:00.000","Open","17"
"325712482","Manager (Mandarin-Speaking), Business & Legal Affairs - Chinese Language Content","Content Legal","Content Legal","Singapore, Singapore","2024-04-08T02:52:33.000Z","https://jobs.netflix.com/jobs/325712482","2024-04-08T00:00:00.000","Open","17"
"325712484","Senior Product Manager","Boss Fight Entertainment","Boss Fight Entertainment","Remote, United States","2024-04-05T22:01:52.000Z","https://jobs.netflix.com/jobs/325712484","2024-04-05T00:00:00.000","Open","20"
"325560369","PR Specialist - CEE","Publicity","Publicity","Warsaw, Poland","2024-04-05T02:57:15.000Z","https://jobs.netflix.com/jobs/325560369","2024-04-05T00:00:00.000","Open","20"
"325559731","Senior Server Software Engineer - Games Platform","Next Games","Next Games","Helsinki, Finland","2024-04-05T02:51:25.000Z","https://jobs.netflix.com/jobs/325559731","2024-04-05T00:00:00.000","Open","20"
"325633261","Manager, FP&A, Ads LatAm","Finance","Finance Core","Alphaville, Brazil","2024-04-04T22:14:14.000Z","https://jobs.netflix.com/jobs/325633261","2024-04-04T00:00:00.000","Open","21"
"325716936","Finance Program Manager","Finance","Finance Core","Los Gatos, California","2024-04-03T21:30:49.000Z","https://jobs.netflix.com/jobs/325716936","2024-04-03T00:00:00.000","Open","22"
"325339921","Content Designer: Consumer Messaging Ecosystem","Design","Product Design","Remote, United States","2024-04-03T21:26:16.000Z","https://jobs.netflix.com/jobs/325339921","2024-04-03T00:00:00.000","Open","22"
"325666568","iOS Software Engineer 4 - Consumer Engineering","Core Engineering","Content Engineering Core","Remote, United States","2024-04-03T20:59:27.000Z","https://jobs.netflix.com/jobs/325666568","2024-04-03T00:00:00.000","Open","22"
"325329679","Technical Program Manager 6 - Game SDK and Services","Netflix Games Studio","Gaming","Remote, United States","2024-04-03T19:28:30.000Z","https://jobs.netflix.com/jobs/325329679","2024-04-03T00:00:00.000","Open","22"
"325290110","Ratings Policy Strategist","Product Discovery and Promotion","Product Discovery and Promotion Core","Los Angeles, California","2024-04-03T15:41:06.000Z","https://jobs.netflix.com/jobs/325290110","2024-04-03T00:00:00.000","Open","22"
"325243046","Engineering Manager - Revenue Infrastructure Engineering","Core Engineering","Revenue and Growth Engineering","Warsaw, Poland","2024-04-03T09:36:26.000Z","https://jobs.netflix.com/jobs/325243046","2024-04-03T00:00:00.000","Open","22"
"325236061","Communications Manager - EMEA","Communications","Communications","London, United Kingdom","2024-04-03T08:42:22.000Z","https://jobs.netflix.com/jobs/325236061","2024-04-03T00:00:00.000","Closed","21"
"325109962","Senior Software Engineer (L5), Script & Production Foundations Engineering","Core Engineering","Content Engineering Core","Remote, United States","2024-04-02T15:45:42.000Z","https://jobs.netflix.com/jobs/325109962","2024-04-02T00:00:00.000","Open","23"
"325041103","Financial Analyst, FP&A, Content - APAC","Financial Planning and Analysis","FP&A, Content","Manila, Philippines","2024-04-02T07:13:40.000Z","https://jobs.netflix.com/jobs/325041103","2024-04-02T00:00:00.000","Open","23"
"325025203","Specialist, Production Security - Content Risk Management APAC","Security","Production Security and Intelligence","Tokyo, Japan","2024-04-02T05:09:15.000Z","https://jobs.netflix.com/jobs/325025203","2024-04-02T00:00:00.000","Closed","21"
"325110605","Technical Program Manager (L5) - Consumer Product Security","Security","Information Security","Remote, United States","2024-04-01T22:04:39.000Z","https://jobs.netflix.com/jobs/325110605","2024-04-01T00:00:00.000","Open","24"
"324970685","Marketing Operations Manager - UCAN","Creative Marketing Production","Marketing Strategy & Operations","Los Angeles, California","2024-04-01T21:56:35.000Z","https://jobs.netflix.com/jobs/324970685","2024-04-01T00:00:00.000","Open","24"
"325985060","Lead Producer, External Games","Netflix Games Studio","Game Development","Los Gatos, California","2024-04-01T21:34:42.000Z","https://jobs.netflix.com/jobs/325985060","2024-04-01T00:00:00.000","Open","24"
"324981450","Director, Product & Technology Legal - Data & Insights","Legal and Public Policy","Business Development, Marketing and Product Legal","Los Angeles, California","2024-04-01T18:18:13.000Z","https://jobs.netflix.com/jobs/324981450","2024-04-01T00:00:00.000","Open","24"
"326154544","Project Manager, Media Systems Engineering- L4","Netflix Technology Services","Netflix Technology Services","Los Angeles, California","2024-04-01T16:42:10.000Z","https://jobs.netflix.com/jobs/326154544","2024-04-01T00:00:00.000","Open","24"
"324403444","Internal Auditor","Finance","Finance Core","Los Angeles, California","2024-03-29T18:55:52.000Z","https://jobs.netflix.com/jobs/324403444","2024-03-29T00:00:00.000","Open","27"
"325291403","Software Engineer (L4),  Script & Production Foundations Engineering","Core Engineering","Content Engineering Core","Remote,","2024-03-29T17:22:32.000Z","https://jobs.netflix.com/jobs/325291403","2024-03-29T00:00:00.000","Open","27"
"324374361","Project Coordinator, Scaled Launch Operations","Product Discovery and Promotion","Product Discovery and Promotion Operations","Mumbai, India","2024-03-29T01:42:39.000Z","https://jobs.netflix.com/jobs/324374361","2024-03-29T00:00:00.000","Open","27"
"325174948","Hardlines Category Specialist - Consumer Products Mexico","Consumer Products","Consumer Products","Mexico City, Mexico","2024-03-28T18:29:26.000Z","https://jobs.netflix.com/jobs/325174948","2024-03-28T00:00:00.000","Open","28"
"324374363","Retail & Licensing Specialist, Consumer Products UK (FTC)","Consumer Products","Consumer Products","London, United Kingdom","2024-03-28T01:27:18.000Z","https://jobs.netflix.com/jobs/324374363","2024-03-28T00:00:00.000","Open","28"
"324232974","Senior Product Designer, Emerging Creative","Design","Product Design","Los Angeles, California","2024-03-27T19:45:18.000Z","https://jobs.netflix.com/jobs/324232974","2024-03-27T00:00:00.000","Open","29"
"324166902","Social Manager, Integrated Marketing (UCAN)","Editorial and Publishing","Social Marketing","Los Angeles, California","2024-03-27T19:22:59.000Z","https://jobs.netflix.com/jobs/324166902","2024-03-27T00:00:00.000","Open","29"
"324050648","Coordinator, Post Management - Korea","Post Production Management","Production","Seoul, South Korea","2024-03-27T03:23:11.000Z","https://jobs.netflix.com/jobs/324050648","2024-03-27T00:00:00.000","Open","29"
"324048106","UI Engineer - Content Engineering","Client and UI Engineering","Content Engineering Core","Warsaw, Poland","2024-03-27T03:04:42.000Z","https://jobs.netflix.com/jobs/324048106","2024-03-27T00:00:00.000","Open","29"
"324046836","Analyst, Indirect Tax - EMEA","Finance","Tax","Amsterdam, Netherlands","2024-03-27T02:53:17.000Z","https://jobs.netflix.com/jobs/324046836","2024-03-27T00:00:00.000","Open","29"
"324027816","Manager, Corporate Development","Finance","Investor Relations and Corporate Development","Los Angeles, California","2024-03-27T00:23:32.000Z","https://jobs.netflix.com/jobs/324027816","2024-03-27T00:00:00.000","Open","29"
"325300336","HRBP, Content","Talent and Recruiting","Animation HR Support","Los Angeles, California","2024-03-26T23:22:16.000Z","https://jobs.netflix.com/jobs/325300336","2024-03-26T00:00:00.000","Open","30"
"323996795","Research Scientist (L6) - Machine Learning and Inference Research","Data Science and Engineering","Product Data Science and Engineering","Los Gatos, California","2024-03-26T20:19:01.000Z","https://jobs.netflix.com/jobs/323996795","2024-03-26T00:00:00.000","Open","30"
"325016334","Senior Manager, FS&A, Content - India","Strategy and Analysis","FS&A, Content","Mumbai, India","2024-03-26T05:26:12.000Z","https://jobs.netflix.com/jobs/325016334","2024-03-26T00:00:00.000","Open","30"
"323855644","Publicity Coordinator - UK + EMEA Film PR","Publicity","Publicity","London, United Kingdom","2024-03-26T01:46:30.000Z","https://jobs.netflix.com/jobs/323855644","2024-03-26T00:00:00.000","Open","30"
"323853739","Events Specialist - UK","Publicity","Events","London, United Kingdom","2024-03-26T01:32:08.000Z","https://jobs.netflix.com/jobs/323853739","2024-03-26T00:00:00.000","Open","30"
"325115084","Administrative Assistant, Content and Business Products","Content Acquisition","Content and Business Products Innovation","Los Angeles, California","2024-03-25T22:44:23.000Z","https://jobs.netflix.com/jobs/325115084","2024-03-25T00:00:00.000","Open","31"
"324154170","Senior Engineering Manager, Observability","Core Engineering","Productivity Engineering","Los Gatos, California","2024-03-25T19:12:40.000Z","https://jobs.netflix.com/jobs/324154170","2024-03-25T00:00:00.000","Open","31"
"324465718","Executive Assistant, Corporate Legal","Legal and Public Policy","Corporate Legal","Los Angeles, California","2024-03-22T20:58:02.000Z","https://jobs.netflix.com/jobs/324465718","2024-03-22T00:00:00.000","Closed","32"
"323125906","Production Support Specialist - Spain","Production Services and Technology","Production","Madrid, Spain","2024-03-22T02:51:51.000Z","https://jobs.netflix.com/jobs/323125906","2024-03-22T00:00:00.000","Open","34"
"323123344","Manager, Ads B2B Marketing - Germany","Advertising","Ads Core","Berlin, Germany","2024-03-22T02:33:30.000Z","https://jobs.netflix.com/jobs/323123344","2024-03-22T00:00:00.000","Open","34"
"322961352","Manager, Production Safety - APAC","Corporate Real Estate, Employee Health, Workplace, and Security","Production Security and Intelligence","Seoul, South Korea","2024-03-21T05:28:18.000Z","https://jobs.netflix.com/jobs/322961352","2024-03-21T00:00:00.000","Open","35"
"322938966","VFX Artist and Animator, Games Studio","Moonloot Games","Moonloot Games","Helsinki, Finland","2024-03-21T02:33:30.000Z","https://jobs.netflix.com/jobs/322938966","2024-03-21T00:00:00.000","Open","35"
"322938327","Senior 3D Game Artist, Games Studio","Moonloot Games","Moonloot Games","Helsinki, Finland","2024-03-21T02:25:18.000Z","https://jobs.netflix.com/jobs/322938327","2024-03-21T00:00:00.000","Open","35"
"322931947","Retail Lead Consumer Products, DACH","Consumer Products","Consumer Products","Berlin, Germany","2024-03-21T01:37:11.000Z","https://jobs.netflix.com/jobs/322931947","2024-03-21T00:00:00.000","Open","35"
"322903240","Associate, Finance, Strategy & Analysis, Product","Strategy and Analysis","FS&A, Products & Technology","Los Gatos, California","2024-03-20T21:50:57.000Z","https://jobs.netflix.com/jobs/322903240","2024-03-20T00:00:00.000","Open","36"
"324013267","Senior Content Designer, Consumer Ads","Product Design","Product Design","Remote, United States","2024-03-20T17:05:04.000Z","https://jobs.netflix.com/jobs/324013267","2024-03-20T00:00:00.000","Open","36"
"322801642","Coordinator, Music Production - Japan","Production Management","Production","Tokyo, Japan","2024-03-20T08:36:45.000Z","https://jobs.netflix.com/jobs/322801642","2024-03-20T00:00:00.000","Open","36"
"322776098","Director, Discovery & Promotion, Korea","Product Discovery and Promotion","Product Discovery and Promotion Core","Seoul, South Korea","2024-03-20T05:17:25.000Z","https://jobs.netflix.com/jobs/322776098","2024-03-20T00:00:00.000","Open","36"
"322757596","Counsel, Employment Legal - EMEA","Legal and Public Policy","Corporate Legal","Amsterdam, Netherlands","2024-03-20T02:54:46.000Z","https://jobs.netflix.com/jobs/322757596","2024-03-20T00:00:00.000","Open","36"
"322756322","Photo & AV Studio Manager - DACH","Publicity","Photo & AV Studio","Berlin, Germany","2024-03-20T02:43:09.000Z","https://jobs.netflix.com/jobs/322756322","2024-03-20T00:00:00.000","Open","36"
"324154826","Android Software Engineer (L4) - Discovery & Viewing Experiences","Client and UI Engineering","User Interface Engineering","Remote, United States","2024-03-20T00:38:05.000Z","https://jobs.netflix.com/jobs/324154826","2024-03-20T00:00:00.000","Open","36"
"322726550","Director, Business Development, Game Licensing","Netflix Games Studio","Gaming","Los Angeles, California","2024-03-19T22:46:33.000Z","https://jobs.netflix.com/jobs/322726550","2024-03-19T00:00:00.000","Open","37"
"322619271","Ad Sales Learning Enablement Manager","Advertising","Ads Core","London, United Kingdom","2024-03-19T08:48:41.000Z","https://jobs.netflix.com/jobs/322619271","2024-03-19T00:00:00.000","Open","37"
"323809245","Administrative Assistant, Enterprise Operations","Corporate Real Estate, Employee Health, Workplace, and Security","Workplace Operations and Real Estate","Los Angeles, California","2024-03-18T20:27:33.000Z","https://jobs.netflix.com/jobs/323809245","2024-03-18T00:00:00.000","Open","38"
"325634617","Software Engineer (L4) - Components for Partners 'COPA'","Core Engineering","Ecosystem Engineering","Alphaville, Brazil","2024-03-18T18:47:36.000Z","https://jobs.netflix.com/jobs/325634617","2024-03-18T00:00:00.000","Open","38"
"321959384","Coordinator, Public Policy - Canada","Legal and Public Policy","Corporate Legal","Toronto, Canada","2024-03-15T18:27:52.000Z","https://jobs.netflix.com/jobs/321959384","2024-03-15T00:00:00.000","Open","41"
"321939596","Business Process Analyst, Finance PMO","Finance","Finance Core","Los Gatos, California","2024-03-15T15:52:07.000Z","https://jobs.netflix.com/jobs/321939596","2024-03-15T00:00:00.000","Open","41"
"323282564","Distributed Systems Engineer (L5),  Content Engineering","Core Engineering","Content Engineering Core","Remote, United States","2024-03-14T22:25:57.000Z","https://jobs.netflix.com/jobs/323282564","2024-03-14T00:00:00.000","Open","42"
"321802958","Machine Learning Scientist (L4) - Content DSE","Data Science and Engineering","Content and Marketing DSE","Los Angeles, California","2024-03-14T22:09:27.000Z","https://jobs.netflix.com/jobs/321802958","2024-03-14T00:00:00.000","Open","42"
"325570035","Technology Experience Specialist","Netflix Technology Services","Netflix Technology Services","Manila, Philippines","2024-03-14T03:25:17.000Z","https://jobs.netflix.com/jobs/325570035","2024-03-14T00:00:00.000","Open","42"
"324417967","Senior Software Engineer (L5), Creative Compute and Storage","Core Engineering","Content Engineering Core","Remote,","2024-03-13T23:56:24.000Z","https://jobs.netflix.com/jobs/324417967","2024-03-13T00:00:00.000","Open","43"
"324366810","Senior Systems Development Engineer (L5), Creative Compute and Storage","Core Engineering","Content Engineering Core","Remote,","2024-03-13T23:36:20.000Z","https://jobs.netflix.com/jobs/324366810","2024-03-13T00:00:00.000","Open","43"
"321607045","Production Director, Games Studio (Blue)","Netflix Games Studio","Gaming","Remote, United States","2024-03-13T20:46:35.000Z","https://jobs.netflix.com/jobs/321607045","2024-03-13T00:00:00.000","Open","43"
"321504307","Associate,  Content Finance Strategy & Analysis - EMEA","Strategy and Analysis","FS&A, Content","Amsterdam, Netherlands","2024-03-13T07:28:17.000Z","https://jobs.netflix.com/jobs/321504307","2024-03-13T00:00:00.000","Open","43"
"321465891","Associate, Product & Corporate Legal - Japan","Legal and Public Policy","Business Development, Marketing and Product Legal","Tokyo, Japan","2024-03-13T02:28:29.000Z","https://jobs.netflix.com/jobs/321465891","2024-03-13T00:00:00.000","Open","43"
"323048440","Engineering Manager - Growth Messaging","Core Engineering","Revenue and Growth Engineering","Remote, United States","2024-03-12T23:03:54.000Z","https://jobs.netflix.com/jobs/323048440","2024-03-12T00:00:00.000","Open","44"
"321423844","Media Systems Engineer L4","Netflix Technology Services","Netflix Technology Services","Los Angeles, California","2024-03-12T20:59:58.000Z","https://jobs.netflix.com/jobs/321423844","2024-03-12T00:00:00.000","Open","44"
"321557517","Operations Manager, External Games","Netflix Games Studio","External Games Production","Los Angeles, California","2024-03-12T16:11:41.000Z","https://jobs.netflix.com/jobs/321557517","2024-03-12T00:00:00.000","Closed","42"
"321813901","Capacity Planner, L5 (Open Connect)","Data Platform","Streaming Delivery","Remote, United States","2024-03-12T14:34:37.000Z","https://jobs.netflix.com/jobs/321813901","2024-03-12T00:00:00.000","Open","44"
"321286204","Manager, FS&A, Ads Revenue & Yield Analytics - EMEA","Strategy and Analysis","F&S Commerce","London, United Kingdom","2024-03-12T02:59:52.000Z","https://jobs.netflix.com/jobs/321286204","2024-03-12T00:00:00.000","Open","44"
"321284296","Manager, Content Finance Strategy & Analysis - DACH","Strategy and Analysis","FS&A, Content","Berlin, Germany","2024-03-12T02:40:15.000Z","https://jobs.netflix.com/jobs/321284296","2024-03-12T00:00:00.000","Open","44"
"321386898","Senior Data Scientist (L5), Games","Data Science and Engineering","Data Science and Engineering","Remote, United States","2024-03-12T00:01:28.000Z","https://jobs.netflix.com/jobs/321386898","2024-03-12T00:00:00.000","Open","44"
"321226033","Security Software Engineer (L4), Client Security Integrations","Security","Information Security","Remote, United States","2024-03-11T19:04:38.000Z","https://jobs.netflix.com/jobs/321226033","2024-03-11T00:00:00.000","Open","45"
"321413024","Senior Ad Operations Specialist","Advertising","Ads Core","Los Gatos, California","2024-03-11T18:53:57.000Z","https://jobs.netflix.com/jobs/321413024","2024-03-11T00:00:00.000","Open","45"
"320682550","Engineering Manager - Production Finance Engineering","Core Engineering","Information Security","Los Gatos, California","2024-03-08T19:47:45.000Z","https://jobs.netflix.com/jobs/320682550","2024-03-08T00:00:00.000","Open","48"
"320534842","Senior Product Designer, Ads Consumer","Design","Product Design","Los Angeles, California","2024-03-07T16:54:11.000Z","https://jobs.netflix.com/jobs/320534842","2024-03-07T00:00:00.000","Open","49"
"323099102","Sr. Manager - Payments","Finance","Payments","Mexico City, Mexico","2024-03-07T16:47:55.000Z","https://jobs.netflix.com/jobs/323099102","2024-03-07T00:00:00.000","Open","49"
"321629031","Product Manager - Ads Creative Workflow & Infrastructure","Advertising","Ads Core","Los Gatos, California","2024-03-06T23:59:16.000Z","https://jobs.netflix.com/jobs/321629031","2024-03-06T00:00:00.000","Open","50"
"320613743","Product Development Designer, Food and Beverage, Consumer Products - EMEA","Consumer Products","Consumer Products","London, United Kingdom","2024-03-06T21:44:12.000Z","https://jobs.netflix.com/jobs/320613743","2024-03-06T00:00:00.000","Open","50"
"325322118","Machine Learning Engineer L4, Algorithms Engineering","Core Engineering","Corporate Engineering Core","Los Gatos, California","2024-03-05T22:52:56.000Z","https://jobs.netflix.com/jobs/325322118","2024-03-05T00:00:00.000","Open","51"
"320220423","Marketing Production Manager - CEE","Creative Marketing Production","Title Marketing","Warsaw, Poland","2024-03-05T21:45:52.000Z","https://jobs.netflix.com/jobs/320220423","2024-03-05T00:00:00.000","Open","51"
"320356803","Technology Product Manager - TV Platform and Device Partner Technologies","Client and UI Engineering","Streaming Client","Los Gatos, California","2024-03-05T18:43:42.000Z","https://jobs.netflix.com/jobs/320356803","2024-03-05T00:00:00.000","Open","51"
"321250102","Senior Manager, UCAN Slate Marketing","Creative Marketing","Creative Marketing","Los Angeles, California","2024-03-05T18:43:33.000Z","https://jobs.netflix.com/jobs/321250102","2024-03-05T00:00:00.000","Open","51"
"320111620","Coordinator, Product & Tech Contract Management","Legal and Public Policy","Legal Core","Los Gatos, California","2024-03-05T17:39:26.000Z","https://jobs.netflix.com/jobs/320111620","2024-03-05T00:00:00.000","Open","51"
"320109012","Agency Sales Partner - Japan","Advertising","Ads Core","Tokyo, Japan","2024-03-05T17:19:57.000Z","https://jobs.netflix.com/jobs/320109012","2024-03-05T00:00:00.000","Open","51"
"320513833","Engineering Manager - Performance Engineering","Core Engineering","Cloud Infrastructure","Los Gatos, California","2024-03-04T23:33:01.000Z","https://jobs.netflix.com/jobs/320513833","2024-03-04T00:00:00.000","Open","52"
"321954320","Manager, Music Creative Production - Animation Series","Production Management","Production Management","Los Angeles, California","2024-03-04T20:15:01.000Z","https://jobs.netflix.com/jobs/321954320","2024-03-04T00:00:00.000","Open","52"
"319933660","Creative Producer, External Games","Netflix Games Studio","External Games Production","Los Gatos, California","2024-03-04T18:49:30.000Z","https://jobs.netflix.com/jobs/319933660","2024-03-04T00:00:00.000","Open","52"
"319927199","Associate, Series Casting Business Affairs","Content Legal","Content Legal","Los Angeles, California","2024-03-04T17:57:39.000Z","https://jobs.netflix.com/jobs/319927199","2024-03-04T00:00:00.000","Open","52"
"319915564","Software Engineer, L6 - Live Infrastructure Testing","Not Specified","Streaming Delivery","Remote, United States","2024-03-02T00:15:48.000Z","https://jobs.netflix.com/jobs/319915564","2024-03-02T00:00:00.000","Open","54"
"320146714","Manager, Softlines Product Development - Consumer Products","Consumer Products","Consumer Products","Los Angeles, California","2024-03-01T22:50:02.000Z","https://jobs.netflix.com/jobs/320146714","2024-03-01T00:00:00.000","Open","55"
"319368353","Full Stack Software Engineer, L5, Cloud Games Developer Tools","Not Specified","Streaming Delivery","Remote, United States","2024-03-01T17:26:11.000Z","https://jobs.netflix.com/jobs/319368353","2024-03-01T00:00:00.000","Open","55"
"319429286","Software Engineer (L5), Consumer ML Model Serving Systems","Core Engineering","Productivity Engineering","Remote, United States","2024-02-29T21:26:40.000Z","https://jobs.netflix.com/jobs/319429286","2024-02-29T00:00:00.000","Closed","0"
"319332460","Events Senior Manager - Japan","Publicity","Events","Tokyo, Japan","2024-02-29T19:01:35.000Z","https://jobs.netflix.com/jobs/319332460","2024-02-29T00:00:00.000","Open","56"
"320398183","Manager, Campaign Operations - Japan","Creative Marketing","Creative Marketing Production","Tokyo, Japan","2024-02-29T18:54:02.000Z","https://jobs.netflix.com/jobs/320398183","2024-02-29T00:00:00.000","Open","56"
"321103841","Manager, Social Marketing - Japan","Editorial and Publishing","Social Marketing","Tokyo, Japan","2024-02-29T18:45:33.000Z","https://jobs.netflix.com/jobs/321103841","2024-02-29T00:00:00.000","Open","56"
"319173635","Coordinator, Law Enforcement Response","Legal and Public Policy","Corporate Legal","Los Gatos, California","2024-02-29T16:09:26.000Z","https://jobs.netflix.com/jobs/319173635","2024-02-29T00:00:00.000","Open","56"
"319099087","Sr. Manager, Platform Relations - Internal Games","Netflix Games Studio","Gaming","Los Angeles, California","2024-02-29T06:27:45.000Z","https://jobs.netflix.com/jobs/319099087","2024-02-29T00:00:00.000","Open","56"
"319054078","Operations Coordinator, Scaled Launch Operations - India","Product Discovery and Promotion","Product Discovery and Promotion Operations","Mumbai, India","2024-02-29T00:36:03.000Z","https://jobs.netflix.com/jobs/319054078","2024-02-29T00:00:00.000","Open","56"
"320320628","Full Stack Engineer (L5), Privacy Engineering","Security","Information Security","Remote, United States","2024-02-29T00:22:10.000Z","https://jobs.netflix.com/jobs/320320628","2024-02-29T00:00:00.000","Open","56"
"319210228","Sr. Manager, Media Operations","Creative Marketing Production","Creative Marketing Production","Los Angeles, California","2024-02-29T00:00:35.000Z","https://jobs.netflix.com/jobs/319210228","2024-02-29T00:00:00.000","Open","56"
"319028950","Senior Content Designer, PEP-C Enablement","Design","Product Design","Remote, United States","2024-02-28T20:37:28.000Z","https://jobs.netflix.com/jobs/319028950","2024-02-28T00:00:00.000","Open","57"
"319022485","Senior Technical Sound Designer, Games Studio (Blue)","Netflix Games Studio","Game Development","Remote, United States","2024-02-28T20:31:43.000Z","https://jobs.netflix.com/jobs/319022485","2024-02-28T00:00:00.000","Open","57"
"324499792","Data Engineer (L4) - Privacy","Data Science and Engineering","Data Science and Engineering","Remote, United States","2024-02-28T20:05:07.000Z","https://jobs.netflix.com/jobs/324499792","2024-02-28T00:00:00.000","Open","57"
"324499162","Data Engineer (L5) - Privacy","Data Science and Engineering","Data Science and Engineering","Remote, United States","2024-02-28T20:02:53.000Z","https://jobs.netflix.com/jobs/324499162","2024-02-28T00:00:00.000","Open","57"
"318994042","Senior Operations Manager, External Games","Netflix Games Studio","Internal Games Studio","Los Angeles, California","2024-02-28T16:53:43.000Z","https://jobs.netflix.com/jobs/318994042","2024-02-28T00:00:00.000","Open","57"
"318934757","Ads Marketing Manager - Japan","Advertising","Ads Core","Tokyo, Japan","2024-02-28T09:14:31.000Z","https://jobs.netflix.com/jobs/318934757","2024-02-28T00:00:00.000","Open","57"
"318907119","Ads Marketing Manager - Korea","Advertising","Ads Core","Seoul, South Korea","2024-02-28T05:36:05.000Z","https://jobs.netflix.com/jobs/318907119","2024-02-28T00:00:00.000","Open","57"
"319919465","Analyst, Tax Operations","Finance","Tax","Los Gatos, California","2024-02-27T19:46:46.000Z","https://jobs.netflix.com/jobs/319919465","2024-02-27T00:00:00.000","Open","58"
"324149828","Engineering Manager - Metadata Distribution","Core Engineering","Creative Production and Promotion Engineering","Los Gatos, California","2024-02-27T19:29:53.000Z","https://jobs.netflix.com/jobs/324149828","2024-02-27T00:00:00.000","Open","58"
"318704040","Manager Finance Strategy and Analysis, Content - Korea","Strategy and Analysis","FS&A, Content Analytics & Operations","Seoul, South Korea","2024-02-27T03:18:58.000Z","https://jobs.netflix.com/jobs/318704040","2024-02-27T00:00:00.000","Open","58"
"318679705","Senior Associate, Sales Operations","Advertising","Ads Core","Alphaville, Brazil","2024-02-27T00:05:54.000Z","https://jobs.netflix.com/jobs/318679705","2024-02-27T00:00:00.000","Open","58"
"326453553","Global Talent Coordinator","Talent and Recruiting","Talent Acquisition","Mexico City, Mexico","2024-02-26T22:30:04.000Z","https://jobs.netflix.com/jobs/326453553","2024-02-26T00:00:00.000","Open","59"
"318634318","Program Manager (L5) - Developer Education","Core Engineering","Platform Engineering","Los Gatos, California","2024-02-26T18:13:31.000Z","https://jobs.netflix.com/jobs/318634318","2024-02-26T00:00:00.000","Open","59"
"318102972","Analyst, Trade Compliance","Legal and Public Policy","Corporate Legal","Los Angeles, California","2024-02-23T21:46:32.000Z","https://jobs.netflix.com/jobs/318102972","2024-02-23T00:00:00.000","Closed","59"
"319038018","Technical Program Manager, Studio Production Engineering (L6)","Core Engineering","Creative Production and Promotion Engineering","Los Gatos, California","2024-02-23T21:40:20.000Z","https://jobs.netflix.com/jobs/319038018","2024-02-23T00:00:00.000","Open","62"
"323070320","Manager, Ads FS&A - Inventory Management (UCAN)","Financial Planning and Analysis","FS&A, Ads","Los Angeles, California","2024-02-23T21:40:19.000Z","https://jobs.netflix.com/jobs/323070320","2024-02-23T00:00:00.000","Open","62"
"318084905","Player Support Lead, External Games- Games Operations","Netflix Games Studio","Games Operations","Los Angeles, California","2024-02-23T19:29:28.000Z","https://jobs.netflix.com/jobs/318084905","2024-02-23T00:00:00.000","Open","62"
"318097807","Lead Engineer, Game Studio: Transmedia Pipeline R&D","Netflix Games Studio","Game Development","Los Gatos, California","2024-02-23T19:07:50.000Z","https://jobs.netflix.com/jobs/318097807","2024-02-23T00:00:00.000","Open","62"
"326154699","Infrastructure Planner (L4)","Core Engineering","Infrastructure Network Engineering","Remote, United States","2024-02-23T18:59:13.000Z","https://jobs.netflix.com/jobs/326154699","2024-02-23T00:00:00.000","Open","62"
"317926817","Director, Product Management & Live Service - Internal Games","Netflix Games Studio","Gaming","Los Angeles, California","2024-02-22T22:56:16.000Z","https://jobs.netflix.com/jobs/317926817","2024-02-22T00:00:00.000","Open","63"
"321636208","Manager, Ads Measurement LATAM","Advertising","Ads Core","Mexico City, Mexico","2024-02-22T20:44:10.000Z","https://jobs.netflix.com/jobs/321636208","2024-02-22T00:00:00.000","Open","63"
"321636857","Senior Manager, Ads Measurement Brazil","Advertising","Ads Core","Alphaville, Brazil","2024-02-22T20:23:44.000Z","https://jobs.netflix.com/jobs/321636857","2024-02-22T00:00:00.000","Open","63"
"317792631","Manager, Production Management - Benelux","Production Management","Production","Amsterdam, Netherlands","2024-02-22T05:34:39.000Z","https://jobs.netflix.com/jobs/317792631","2024-02-22T00:00:00.000","Open","63"
"317746604","Support Specialist, Content Hub Media Production Suite","Production Services and Technology","Production Technology and Operations","Los Angeles, California","2024-02-21T23:30:36.000Z","https://jobs.netflix.com/jobs/317746604","2024-02-21T00:00:00.000","Open","64"
"319003116","Associate, Finance, Strategy & Analysis, Partnerships","Finance","F&S Commerce","Los Gatos, California","2024-02-21T23:18:37.000Z","https://jobs.netflix.com/jobs/319003116","2024-02-21T00:00:00.000","Open","64"
"317703374","Contracts Manager, Product & Tech Contract Management","Legal and Public Policy","Legal Core","Los Gatos, California","2024-02-21T17:21:53.000Z","https://jobs.netflix.com/jobs/317703374","2024-02-21T00:00:00.000","Open","64"
"317623599","Knowledge Management Specialist","Talent and Recruiting","Talent Experience and Operations","Manila, Philippines","2024-02-21T07:21:01.000Z","https://jobs.netflix.com/jobs/317623599","2024-02-21T00:00:00.000","Closed","63"
"320539384","Senior Motion Designer","Design","Product Design","Remote, United States","2024-02-20T22:36:00.000Z","https://jobs.netflix.com/jobs/320539384","2024-02-20T00:00:00.000","Open","65"
"317530560","Product Manager - Partner Device Tools and Services","Client and UI Engineering","Streaming Client","Los Gatos, California","2024-02-20T18:42:31.000Z","https://jobs.netflix.com/jobs/317530560","2024-02-20T00:00:00.000","Open","65"
"322607265","Coordinator, Production Management - Korea","Production Management","Production Management","Seoul, South Korea","2024-02-20T07:55:06.000Z","https://jobs.netflix.com/jobs/322607265","2024-02-20T00:00:00.000","Open","65"
"317410002","Manager, Social Marketing - ANZ","Editorial and Publishing","Social Marketing","Sydney, Australia","2024-02-20T03:03:21.000Z","https://jobs.netflix.com/jobs/317410002","2024-02-20T00:00:00.000","Open","65"
"317409375","Manager, Film & Series Marketing (Media Specialist) - ANZ","Creative Marketing","Title Marketing","Sydney, Australia","2024-02-20T02:58:03.000Z","https://jobs.netflix.com/jobs/317409375","2024-02-20T00:00:00.000","Open","65"
"317407499","Manager, Title Marketing - Korea","Creative Marketing","Title Marketing","Seoul, South Korea","2024-02-20T02:43:18.000Z","https://jobs.netflix.com/jobs/317407499","2024-02-20T00:00:00.000","Open","65"
"325171941","Art & Print Production Manager LATAM","Creative Marketing Production","Creative Marketing Production","Mexico City, Mexico","2024-02-19T18:36:37.000Z","https://jobs.netflix.com/jobs/325171941","2024-02-19T00:00:00.000","Open","66"
"317228617","Senior UX Designer","Next Games","Next Games","Helsinki, Finland","2024-02-19T02:58:18.000Z","https://jobs.netflix.com/jobs/317228617","2024-02-19T00:00:00.000","Open","66"
"322858583","AV Producer - Marketing Operations & Production","Creative Marketing Production","Creative Marketing Production","Los Angeles, California","2024-02-17T00:33:40.000Z","https://jobs.netflix.com/jobs/322858583","2024-02-17T00:00:00.000","Open","68"
"317329181","Cinema Engineer","Post Production Management","Post Production Operations","New York, New York","2024-02-17T00:22:46.000Z","https://jobs.netflix.com/jobs/317329181","2024-02-17T00:00:00.000","Open","68"
"325315178","Senior Technical Producer - Games Studio","Boss Fight Entertainment","Boss Fight Entertainment","Remote, United States","2024-02-16T23:39:26.000Z","https://jobs.netflix.com/jobs/325315178","2024-02-16T00:00:00.000","Open","69"
"324922363","Android Automation Engineer 5 - Android Client Foundations","Client and UI Engineering","Client UI Engineering","Remote, United States","2024-02-16T21:26:40.000Z","https://jobs.netflix.com/jobs/324922363","2024-02-16T00:00:00.000","Open","69"
"321792781","Engineering Manager, Consumer Identity Foundations","Core Engineering","Content Engineering Core","Los Gatos, California","2024-02-16T20:27:37.000Z","https://jobs.netflix.com/jobs/321792781","2024-02-16T00:00:00.000","Open","69"
"316739158","Launch Manager - Product Discovery and Promotions, India","Product Discovery and Promotion","Product Discovery and Promotion Core","Mumbai, India","2024-02-16T10:03:32.000Z","https://jobs.netflix.com/jobs/316739158","2024-02-16T00:00:00.000","Open","69"
"316835504","Specialist, Entertainment Communications","Communications","Communications","Los Angeles, California","2024-02-15T22:23:46.000Z","https://jobs.netflix.com/jobs/316835504","2024-02-15T00:00:00.000","Closed","67"
"316649330","Software Engineer (L5) - Cloud Games Infrastructure","Core Engineering","Content Delivery","Los Gatos, California","2024-02-15T22:05:04.000Z","https://jobs.netflix.com/jobs/316649330","2024-02-15T00:00:00.000","Open","70"
"317698965","AV Engineer- Operations L4","Netflix Technology Services","Netflix Technology Services","Los Angeles, California","2024-02-15T20:16:03.000Z","https://jobs.netflix.com/jobs/317698965","2024-02-15T00:00:00.000","Open","70"
"316506380","Software Engineer 5, Partner Engineering - EMEA","Core Engineering","Ecosystem Engineering","Amsterdam, Netherlands","2024-02-15T02:57:41.000Z","https://jobs.netflix.com/jobs/316506380","2024-02-15T00:00:00.000","Open","70"
"321583977","Principal Product Manager, Cloud Infrastructure - Networking","Core Engineering","Platform Engineering","Remote, United States","2024-02-14T22:21:50.000Z","https://jobs.netflix.com/jobs/321583977","2024-02-14T00:00:00.000","Open","71"
"316467079","Privacy Engineer (L5)","Security","Information Security","Remote, United States","2024-02-14T21:41:23.000Z","https://jobs.netflix.com/jobs/316467079","2024-02-14T00:00:00.000","Closed","0"
"320492302","Software Engineer (L5), Search & Recommendations","Core Engineering","Content Engineering Core","Remote,","2024-02-14T21:33:13.000Z","https://jobs.netflix.com/jobs/320492302","2024-02-14T00:00:00.000","Open","71"
"319001217","Senior Product Designer, Monetization","Design","Product Design","Los Gatos, California","2024-02-14T20:58:47.000Z","https://jobs.netflix.com/jobs/319001217","2024-02-14T00:00:00.000","Open","71"
"316461480","Senior Manager, Business Development, External Games","Consumer Products","External Games Production","Los Angeles, California","2024-02-14T20:48:23.000Z","https://jobs.netflix.com/jobs/316461480","2024-02-14T00:00:00.000","Open","71"
"316457140","Retail Specialist Consumer Products, France","Consumer Products","Consumer Products","Paris, France","2024-02-14T20:25:08.000Z","https://jobs.netflix.com/jobs/316457140","2024-02-14T00:00:00.000","Open","71"
"316319862","Specialist Screenings - APAC","Publicity","Events","Mumbai, India","2024-02-14T01:45:41.000Z","https://jobs.netflix.com/jobs/316319862","2024-02-14T00:00:00.000","Open","71"
"317517421","UI Engineer (L5) - Messaging Tools","Core Engineering","Personalization Engineering","Remote, United States","2024-02-13T23:08:54.000Z","https://jobs.netflix.com/jobs/317517421","2024-02-13T00:00:00.000","Closed","70"
"316155236","Manager, FP&A, Ads - EMEA","Financial Planning and Analysis","FP&A, Products & Technology","London, United Kingdom","2024-02-13T03:25:03.000Z","https://jobs.netflix.com/jobs/316155236","2024-02-13T00:00:00.000","Open","72"
"316152178","Manager, Marketing Partnership Creative - Japan","Advertising","Ads Core","Tokyo, Japan","2024-02-13T03:04:45.000Z","https://jobs.netflix.com/jobs/316152178","2024-02-13T00:00:00.000","Open","72"
"316129619","Manager, Security Operations (West Coast)","Corporate Real Estate, Employee Health, Workplace, and Security","Workplace Operations and Real Estate","Los Angeles, California","2024-02-12T23:58:15.000Z","https://jobs.netflix.com/jobs/316129619","2024-02-12T00:00:00.000","Closed","70"
"317468456","Account Manager - Germany","Advertising","Ads Core","Berlin, Germany","2024-02-12T11:05:43.000Z","https://jobs.netflix.com/jobs/317468456","2024-02-12T00:00:00.000","Open","73"
"316019010","Production HRBP - UK","Talent and Recruiting","HR Business Partner","London, United Kingdom","2024-02-12T08:46:16.000Z","https://jobs.netflix.com/jobs/316019010","2024-02-12T00:00:00.000","Open","73"
"317305987","Screenings Coordinator, APAC Events","Publicity","Events","Seoul, South Korea","2024-02-12T02:14:12.000Z","https://jobs.netflix.com/jobs/317305987","2024-02-12T00:00:00.000","Open","73"
"317808718","Screenings Senior Manager, APAC Events","Publicity","Events","Seoul, South Korea","2024-02-12T02:04:13.000Z","https://jobs.netflix.com/jobs/317808718","2024-02-12T00:00:00.000","Open","73"
"315968870","Marketing Partnerships Creative Manager - Korea","Advertising","Ads Core","Seoul, South Korea","2024-02-12T01:55:00.000Z","https://jobs.netflix.com/jobs/315968870","2024-02-12T00:00:00.000","Open","73"
"315596025","Technical Research Specialist","Customer Service","Customer Service Operations","Mexico City, Mexico","2024-02-09T18:35:38.000Z","https://jobs.netflix.com/jobs/315596025","2024-02-09T00:00:00.000","Open","76"
"315430679","Principal Counsel, Consumer Product Legal","Legal and Public Policy","Business Development, Marketing and Product Legal","Los Gatos, California","2024-02-08T23:44:10.000Z","https://jobs.netflix.com/jobs/315430679","2024-02-08T00:00:00.000","Open","77"
"316085170","Director of Product, Developer Platform","Core Engineering","Platform Engineering","Los Gatos, California","2024-02-08T23:11:04.000Z","https://jobs.netflix.com/jobs/316085170","2024-02-08T00:00:00.000","Open","77"
"315308081","Senior Manager, Marketing Partnerships Creative - APAC","Advertising","Ads Core","Singapore, Singapore","2024-02-08T06:42:13.000Z","https://jobs.netflix.com/jobs/315308081","2024-02-08T00:00:00.000","Open","77"
"315297932","Coordinator, Business Affairs Operations, Legal - Korea","Legal and Public Policy","Music BALA","Seoul, South Korea","2024-02-08T05:19:11.000Z","https://jobs.netflix.com/jobs/315297932","2024-02-08T00:00:00.000","Open","77"
"315286608","Manager, Product & Corporate Legal - Korea","Legal and Public Policy","Legal Core","Seoul, South Korea","2024-02-08T03:43:47.000Z","https://jobs.netflix.com/jobs/315286608","2024-02-08T00:00:00.000","Open","77"
"315274126","Business Affairs Counsel - Korea","Legal and Public Policy","Legal Core","Seoul, South Korea","2024-02-08T01:56:47.000Z","https://jobs.netflix.com/jobs/315274126","2024-02-08T00:00:00.000","Open","77"
"318654895","Manager, Ads FS&A - Pricing and Yield","Financial Planning and Analysis","FS&A, Ads","New York, New York","2024-02-07T22:21:41.000Z","https://jobs.netflix.com/jobs/318654895","2024-02-07T00:00:00.000","Open","78"
"319197537","Manager, Ads FS&A - Revenue & Yield Analytics (UCAN)","Finance","FS&A, Ads","Los Angeles, California","2024-02-07T22:14:50.000Z","https://jobs.netflix.com/jobs/319197537","2024-02-07T00:00:00.000","Open","78"
"316462770","Software Engineer (L5), Privacy Engineering","Security","Information Security","Remote, United States","2024-02-07T21:29:01.000Z","https://jobs.netflix.com/jobs/316462770","2024-02-07T00:00:00.000","Open","78"
"315585036","Technical Program Manager (L5/L6) - Platform Engineering","Core Engineering","Platform Engineering","Remote, United States","2024-02-07T17:50:18.000Z","https://jobs.netflix.com/jobs/315585036","2024-02-07T00:00:00.000","Open","78"
"315062228","Manager, Strategic Knowledge Management","Legal and Public Policy","Corporate Legal","Los Angeles, California","2024-02-06T19:54:03.000Z","https://jobs.netflix.com/jobs/315062228","2024-02-06T00:00:00.000","Closed","78"
"315401713","Technical Program Manager (L6) - Algorithms Engineering","Core Engineering","User Interface Engineering","Los Gatos, California","2024-02-06T17:45:26.000Z","https://jobs.netflix.com/jobs/315401713","2024-02-06T00:00:00.000","Closed","0"
"317549481","Design Manager, Member Experience","Product Discovery and Promotion","Product Design","Los Gatos, California","2024-02-06T17:23:12.000Z","https://jobs.netflix.com/jobs/317549481","2024-02-06T00:00:00.000","Open","79"
"315042197","Data Scientist (L5) - Applied Research, Consumer Insights","Consumer Insights","Product Consumer Insights","Los Gatos, California","2024-02-06T17:01:58.000Z","https://jobs.netflix.com/jobs/315042197","2024-02-06T00:00:00.000","Open","79"
"315373399","Analytics Engineer (L5) - Data Management & Analytics, Consumer Insights","Consumer Insights","Product Consumer Insights","Los Gatos, California","2024-02-06T16:47:26.000Z","https://jobs.netflix.com/jobs/315373399","2024-02-06T00:00:00.000","Open","79"
"314941861","Senior Sales Operations Associate - EMEA","Advertising","Ads Core","London, United Kingdom","2024-02-06T02:45:22.000Z","https://jobs.netflix.com/jobs/314941861","2024-02-06T00:00:00.000","Open","79"
"314933100","Associate, Finance Strategy and Analysis Content - APAC","Strategy and Analysis","FS&A, Content","Tokyo, Japan","2024-02-06T01:30:05.000Z","https://jobs.netflix.com/jobs/314933100","2024-02-06T00:00:00.000","Open","79"
"317587756","Design Director, Monetization","Design","Product Design","Remote, United States","2024-02-06T01:03:53.000Z","https://jobs.netflix.com/jobs/317587756","2024-02-06T00:00:00.000","Open","79"
"324038837","Senior Manager Creative (Lead LATAM)","Creative Marketing","Marketing Core","Mexico City, Mexico","2024-02-06T00:36:04.000Z","https://jobs.netflix.com/jobs/324038837","2024-02-06T00:00:00.000","Open","79"
"314899336","Senior Game Engineer, R&D","Netflix Games Studio","Gaming","Remote, California","2024-02-05T20:43:01.000Z","https://jobs.netflix.com/jobs/314899336","2024-02-05T00:00:00.000","Open","80"
"314884938","Associate, Content and Studio Financial Planning & Analysis (FP&A) - Japan","Financial Planning and Analysis","FP&A, Content","Tokyo, Japan","2024-02-05T02:56:20.000Z","https://jobs.netflix.com/jobs/314884938","2024-02-05T00:00:00.000","Open","80"
"314916183","Technical Program Manager (L6) - Machine Learning Platform","Core Engineering","Platform Engineering","Los Gatos, California","2024-02-02T23:23:16.000Z","https://jobs.netflix.com/jobs/314916183","2024-02-02T00:00:00.000","Open","83"
"314485901","Analytics Engineer (L5)  - Content DSE","Data Science and Engineering","Content and Marketing DSE","Los Angeles, California","2024-02-02T16:10:16.000Z","https://jobs.netflix.com/jobs/314485901","2024-02-02T00:00:00.000","Open","83"
"314891847","Technical Manager, Live Experiences","Consumer Products","Consumer Products","Los Angeles, California","2024-02-02T00:19:13.000Z","https://jobs.netflix.com/jobs/314891847","2024-02-02T00:00:00.000","Open","83"
"316316225","Director, Regional Monetization LATAM","Product Management","Production Innovation","Mexico City, Mexico","2024-02-01T23:28:42.000Z","https://jobs.netflix.com/jobs/316316225","2024-02-01T00:00:00.000","Closed","83"
"314359142","Senior Product Manager, Live Service - External Games","Netflix Games Studio","Internal Games Studio","Los Angeles, California","2024-02-01T19:10:45.000Z","https://jobs.netflix.com/jobs/314359142","2024-02-01T00:00:00.000","Open","84"
"314538858","Manager, Tax Operations, State Income Tax","Finance","Tax","Los Gatos, California","2024-02-01T17:54:46.000Z","https://jobs.netflix.com/jobs/314538858","2024-02-01T00:00:00.000","Open","84"
"314273593","Director, Inclusion Strategy - EMEA","Talent and Recruiting","Talent Acquisition","Amsterdam, Netherlands","2024-02-01T09:01:07.000Z","https://jobs.netflix.com/jobs/314273593","2024-02-01T00:00:00.000","Open","84"
"320327168","Full Stack Software Engineer (L5), Partner Products Lifecycle Apps Team","Client and UI Engineering","Client UI Engineering","Remote, United States","2024-02-01T00:55:54.000Z","https://jobs.netflix.com/jobs/320327168","2024-02-01T00:00:00.000","Open","84"
"316080363","Marketing Manager Ads - Mexico","Advertising","Ads Core","Mexico City, Mexico","2024-02-01T00:22:35.000Z","https://jobs.netflix.com/jobs/316080363","2024-02-01T00:00:00.000","Open","84"
"314375009","Product Manager, Content Fulfillment","Product Management","Studio Product Management","Los Gatos, California","2024-01-31T21:37:53.000Z","https://jobs.netflix.com/jobs/314375009","2024-01-31T00:00:00.000","Open","85"
"314109884","Sales Partner - APAC","Advertising","Ads Core","Singapore, Singapore","2024-01-31T08:50:19.000Z","https://jobs.netflix.com/jobs/314109884","2024-01-31T00:00:00.000","Open","85"
"314085703","Coordinator, Post Production - Indonesia","Post Production Management","Production","Jakarta, Indonesia","2024-01-31T05:19:28.000Z","https://jobs.netflix.com/jobs/314085703","2024-01-31T00:00:00.000","Open","85"
"314091307","Regional Language Manager, SEA (Thai-focused)","Product Discovery and Promotion","Product Discovery and Promotion Globalization","Singapore, Singapore","2024-01-31T05:15:34.000Z","https://jobs.netflix.com/jobs/314091307","2024-01-31T00:00:00.000","Open","85"
"314074005","Associate, FP&A - India","Financial Planning and Analysis","FP&A, Content","Mumbai, India","2024-01-31T03:32:13.000Z","https://jobs.netflix.com/jobs/314074005","2024-01-31T00:00:00.000","Open","85"
"313955160","Marketing Associate, External Games","Netflix Games Studio","External Games Production","Los Angeles, California","2024-01-30T00:10:54.000Z","https://jobs.netflix.com/jobs/313955160","2024-01-30T00:00:00.000","Open","86"
"319753865","Software Engineer (L5) - Android User Experience","Core Engineering","Streaming Client","Remote, United States","2024-01-29T21:59:20.000Z","https://jobs.netflix.com/jobs/319753865","2024-01-29T00:00:00.000","Open","87"
"326294181","Director, FP&A, Ads","Advertising","FP&A, Ads","Los Angeles, California","2024-01-29T21:49:24.000Z","https://jobs.netflix.com/jobs/326294181","2024-01-29T00:00:00.000","Open","87"
"313928361","Manager, Strategy & Analysis, Marketing & Communications","Financial Planning and Analysis","FP&A, MarComms","Los Angeles, California","2024-01-29T20:24:59.000Z","https://jobs.netflix.com/jobs/313928361","2024-01-29T00:00:00.000","Open","87"
"319749366","UI Engineer (L5) - TV Release Quality","Client and UI Engineering","Streaming Client","Remote, United States","2024-01-29T19:59:51.000Z","https://jobs.netflix.com/jobs/319749366","2024-01-29T00:00:00.000","Open","87"
"314900533","Engineering Manager, TV Release Quality","Client and UI Engineering","Streaming Client","Remote, United States","2024-01-29T19:22:59.000Z","https://jobs.netflix.com/jobs/314900533","2024-01-29T00:00:00.000","Closed","0"
"313855520","Coordinator, Production Management - Indonesia","Production Management","Production Management","Jakarta, Indonesia","2024-01-29T09:13:50.000Z","https://jobs.netflix.com/jobs/313855520","2024-01-29T00:00:00.000","Open","87"
"325661785","ML Engineer L5, LLM Application Frameworks, Machine Learning Platform","Core Engineering","Content Engineering Core","Los Gatos, California","2024-01-27T01:08:55.000Z","https://jobs.netflix.com/jobs/325661785","2024-01-27T00:00:00.000","Open","89"
"316480910","Media ML Engineer - L5","Core Engineering","Content Engineering Core","Remote, United States","2024-01-27T01:04:08.000Z","https://jobs.netflix.com/jobs/316480910","2024-01-27T00:00:00.000","Open","89"
"321987129","Mobile Software Developer In Test 5 - Discovery & Viewing Experiences Core","Client and UI Engineering","Streaming Client","Remote, United States","2024-01-26T22:11:22.000Z","https://jobs.netflix.com/jobs/321987129","2024-01-26T00:00:00.000","Open","90"
"324163392","Product Operations Lead - Member Experience","Product Management","Product Management Core","Los Gatos, California","2024-01-26T20:59:33.000Z","https://jobs.netflix.com/jobs/324163392","2024-01-26T00:00:00.000","Open","90"
"313922911","Senior UI Test Engineer (L5) - Growth Experiences","Client and UI Engineering","Revenue and Growth Engineering","Los Gatos, California","2024-01-26T18:03:47.000Z","https://jobs.netflix.com/jobs/313922911","2024-01-26T00:00:00.000","Open","90"
"321491114","Director, UCAN Production Solutions","Production Services and Technology","Content Operations","Los Angeles, California","2024-01-26T03:40:32.000Z","https://jobs.netflix.com/jobs/321491114","2024-01-26T00:00:00.000","Closed","89"
"318630668","Technical Program Manager (L5) - Developer Enablement","Core Engineering","Platform Engineering","Los Gatos, California","2024-01-25T23:56:11.000Z","https://jobs.netflix.com/jobs/318630668","2024-01-25T00:00:00.000","Open","91"
"314195710","Data Scientist Promotional Writing (L5) - Content and Studio","Data Science and Engineering","Content and Marketing DSE","Los Gatos, California","2024-01-25T23:28:32.000Z","https://jobs.netflix.com/jobs/314195710","2024-01-25T00:00:00.000","Open","91"
"315247072","Data Visualization Engineer - L4","Data Science and Engineering","Data Science and Engineering","Remote, United States","2024-01-25T22:13:28.000Z","https://jobs.netflix.com/jobs/315247072","2024-01-25T00:00:00.000","Open","91"
"313320229","Software Engineer (L5), iOS Games SDK","Core Engineering","Games Core","Remote, California","2024-01-25T22:06:46.000Z","https://jobs.netflix.com/jobs/313320229","2024-01-25T00:00:00.000","Open","91"
"313453281","iOS UI Engineer (L5) - Games UI","Client and UI Engineering","Games Core","Los Gatos, California","2024-01-25T22:01:03.000Z","https://jobs.netflix.com/jobs/313453281","2024-01-25T00:00:00.000","Open","91"
"321992882","Product Manager, Content and Business Algorithms (Content Understanding)","Product Management","Studio Product Management","Los Gatos, California","2024-01-25T19:04:18.000Z","https://jobs.netflix.com/jobs/321992882","2024-01-25T00:00:00.000","Open","91"
"313191438","Senior Manager, FS&A, Ads Revenue & Yield Analytics - APAC","Financial Planning and Analysis","F&S Commerce","Singapore, Singapore","2024-01-25T02:07:51.000Z","https://jobs.netflix.com/jobs/313191438","2024-01-25T00:00:00.000","Open","91"
"313182454","Program Manager, Production Health and Safety - UCAN","Production Services and Technology","Production Safety","Los Angeles, California","2024-01-25T00:42:33.000Z","https://jobs.netflix.com/jobs/313182454","2024-01-25T00:00:00.000","Open","91"
"319956557","Manager, Advertising - Data Science and Engineering","Data Science and Engineering","Ads Core","Los Gatos, California","2024-01-24T22:59:46.000Z","https://jobs.netflix.com/jobs/319956557","2024-01-24T00:00:00.000","Open","92"
"318059384","Data Scientist (L5) - Ads","Data Science and Engineering","Ads Core","Los Gatos, California","2024-01-24T22:48:23.000Z","https://jobs.netflix.com/jobs/318059384","2024-01-24T00:00:00.000","Open","92"
"313174001","Revenue Accountant","Finance","Controllership","Los Gatos, California","2024-01-24T21:24:01.000Z","https://jobs.netflix.com/jobs/313174001","2024-01-24T00:00:00.000","Open","92"
"325717290","Senior HRBP, Product Discovery & Promotion","Talent and Recruiting","Human Resources Core","Los Angeles, California","2024-01-24T20:51:42.000Z","https://jobs.netflix.com/jobs/325717290","2024-01-24T00:00:00.000","Open","92"
"313141889","Security Software Engineer (L5), Trust Services and Enforcement","Security","Information Security","Remote, United States","2024-01-24T18:19:41.000Z","https://jobs.netflix.com/jobs/313141889","2024-01-24T00:00:00.000","Open","92"
"314012980","Senior Data Analyst, External Games","Data Science and Engineering","Data Science and Engineering","Los Angeles, California","2024-01-23T22:58:02.000Z","https://jobs.netflix.com/jobs/314012980","2024-01-23T00:00:00.000","Open","93"
"325731774","Associate Manager, Production and Post Production Management - LIVE","Production Management","Production Management","Los Angeles, California","2024-01-23T22:20:57.000Z","https://jobs.netflix.com/jobs/325731774","2024-01-23T00:00:00.000","Open","93"
"324316367","Senior Marketing Artist- Games Optimization Marketing","Netflix Games Studio","Gaming","Remote, United States","2024-01-23T22:15:47.000Z","https://jobs.netflix.com/jobs/324316367","2024-01-23T00:00:00.000","Open","93"
"315569884","Applied Research Scientist (L4) - Promotional Media","Data Science and Engineering","Content and Marketing DSE","Los Gatos, California","2024-01-23T22:03:42.000Z","https://jobs.netflix.com/jobs/315569884","2024-01-23T00:00:00.000","Closed","92"
"312871442","Art & Print Producer - UCAN","Creative Marketing Production","Creative Marketing Production","Los Angeles, California","2024-01-22T22:47:11.000Z","https://jobs.netflix.com/jobs/312871442","2024-01-22T00:00:00.000","Open","94"
"314208188","Senior Researcher, Product Experience (Growth)","Consumer Insights","Product Consumer Insights","Los Gatos, California","2024-01-22T21:08:16.000Z","https://jobs.netflix.com/jobs/314208188","2024-01-22T00:00:00.000","Open","94"
"320687327","Global Ad Sales Enablement Lead - Knowledge Management","Advertising","Ads Core","New York, New York","2024-01-19T19:09:07.000Z","https://jobs.netflix.com/jobs/320687327","2024-01-19T00:00:00.000","Open","97"
"312196610","Dubbing Title Manager - Japan","Production Services and Technology","International Dubbing","Tokyo, Japan","2024-01-18T07:31:59.000Z","https://jobs.netflix.com/jobs/312196610","2024-01-18T00:00:00.000","Open","98"
"312152609","Senior Environment Artist, Games Studio (Blue)","Netflix Games Studio","Game Development","Remote, United States","2024-01-18T00:23:33.000Z","https://jobs.netflix.com/jobs/312152609","2024-01-18T00:00:00.000","Closed","0"
"321792972","Mobile Engineer 5 - Shared Client Foundations","Client and UI Engineering","Streaming Client","Remote, United States","2024-01-17T18:12:14.000Z","https://jobs.netflix.com/jobs/321792972","2024-01-17T00:00:00.000","Open","99"
"312026579","Senior Manager, Sales Operations - APAC","Advertising","Ads Core","Tokyo, Japan","2024-01-17T03:53:27.000Z","https://jobs.netflix.com/jobs/312026579","2024-01-17T00:00:00.000","Open","99"
"312012389","Senior Treasury Analyst","Finance","Finance Core","Los Gatos, California","2024-01-17T01:30:07.000Z","https://jobs.netflix.com/jobs/312012389","2024-01-17T00:00:00.000","Open","99"
"316100536","Scheduling Analyst, CS Workforce Management","Customer Service","Customer Service Operations","Mexico City, Mexico","2024-01-16T22:23:51.000Z","https://jobs.netflix.com/jobs/316100536","2024-01-16T00:00:00.000","Open","100"
"312396210","Manager, Department Assistants - UCAN","Talent and Recruiting","Human Resources Core","Los Angeles, California","2024-01-16T21:41:10.000Z","https://jobs.netflix.com/jobs/312396210","2024-01-16T00:00:00.000","Open","100"
"313907179","Data Scientist (L5) - Title & Launch Management","Data Science and Engineering","Content and Marketing DSE","Los Gatos, California","2024-01-16T19:04:33.000Z","https://jobs.netflix.com/jobs/313907179","2024-01-16T00:00:00.000","Open","100"
"319985139","Senior Engineering Manager, Model Development Infrastructure, Machine Learning Platform","Data Science and Engineering","Corporate Engineering Core","Los Gatos, California","2024-01-15T22:07:17.000Z","https://jobs.netflix.com/jobs/319985139","2024-01-15T00:00:00.000","Open","101"
"321950780","Analytics Engineer (L4) - Content & Studio","Data Science and Engineering","Content and Marketing DSE","Los Angeles, California","2024-01-12T23:05:25.000Z","https://jobs.netflix.com/jobs/321950780","2024-01-12T00:00:00.000","Open","104"
"312140323","Senior Technical Artist, Games Studio (Blue)","Netflix Games Studio","Game Development","Remote, United States","2024-01-12T19:16:47.000Z","https://jobs.netflix.com/jobs/312140323","2024-01-12T00:00:00.000","Open","104"
"311382794","Strategic Sourcing Category Manager","Finance","Controllership","Los Angeles, California","2024-01-12T17:37:41.000Z","https://jobs.netflix.com/jobs/311382794","2024-01-12T00:00:00.000","Open","104"
"311381790","Data Engineer (L5) - CKG","Not Specified","Data Engineering and Infrastructure","Los Angeles, California","2024-01-12T17:25:54.000Z","https://jobs.netflix.com/jobs/311381790","2024-01-12T00:00:00.000","Open","104"
"315427826","Data Scientist (L5) - Systems Test Enablement","Data Science and Engineering","Product Data Science and Engineering","Los Gatos, California","2024-01-12T17:22:39.000Z","https://jobs.netflix.com/jobs/315427826","2024-01-12T00:00:00.000","Open","104"
"311375283","Ad Operations Manager - EMEA","Advertising","Ads Core","London, United Kingdom","2024-01-12T16:23:51.000Z","https://jobs.netflix.com/jobs/311375283","2024-01-12T00:00:00.000","Open","104"
"311340487","Principal Game Designer","Next Games","Next Games","Helsinki, Finland","2024-01-12T10:31:29.000Z","https://jobs.netflix.com/jobs/311340487","2024-01-12T00:00:00.000","Open","104"
"311326580","Administrative Assistant, Talent - APAC","Talent and Recruiting","HR Business Partner","Singapore, Singapore","2024-01-12T08:10:31.000Z","https://jobs.netflix.com/jobs/311326580","2024-01-12T00:00:00.000","Closed","101"
"314089734","Engineering Manager - Member Experience Core Systems","Talent and Recruiting","Revenue and Growth Engineering","Los Gatos, California","2024-01-12T01:25:57.000Z","https://jobs.netflix.com/jobs/314089734","2024-01-12T00:00:00.000","Open","104"
"316082308","Software Engineer L5 - UI Developer Experience","Core Engineering","Productivity Engineering","Los Gatos, California","2024-01-11T23:26:42.000Z","https://jobs.netflix.com/jobs/316082308","2024-01-11T00:00:00.000","Open","105"
"311420066","AV Production Coordinator LATAM, Mexico City","Creative Marketing Production","Creative Marketing Production","Mexico City, Mexico","2024-01-11T18:28:02.000Z","https://jobs.netflix.com/jobs/311420066","2024-01-11T00:00:00.000","Open","105"
"311174016","Non Branded Scaled Launch Operations - Project Manager","Product Discovery and Promotion","Product Discovery and Promotion Operations","Mumbai, India","2024-01-11T06:28:30.000Z","https://jobs.netflix.com/jobs/311174016","2024-01-11T00:00:00.000","Open","105"
"312154704","Live Service Executive Producer, External Games","Netflix Games Studio","Game Development","Los Angeles, California","2024-01-11T00:45:16.000Z","https://jobs.netflix.com/jobs/312154704","2024-01-11T00:00:00.000","Open","105"
"311873338","Manager, Production Management, Live Action (Unscripted) - Japan","Production Management","Production Management","Tokyo, Japan","2024-01-10T08:25:27.000Z","https://jobs.netflix.com/jobs/311873338","2024-01-10T00:00:00.000","Open","106"
"311016081","Researcher (L4), Consumer Insights - EMEA","Consumer Insights","Product Consumer Insights","Amsterdam, Netherlands","2024-01-10T03:29:19.000Z","https://jobs.netflix.com/jobs/311016081","2024-01-10T00:00:00.000","Open","106"
"310851659","Research Engineer  L5 - Machine Learning Efficiency","Core Engineering","Personalization Engineering","Los Gatos, California","2024-01-08T23:18:23.000Z","https://jobs.netflix.com/jobs/310851659","2024-01-08T00:00:00.000","Open","108"
"310850697","Research Engineer L4/L5 -LLMs for Search, Recommendations, and Personalization","Core Engineering","Personalization Engineering","Los Gatos, California","2024-01-08T23:09:07.000Z","https://jobs.netflix.com/jobs/310850697","2024-01-08T00:00:00.000","Open","108"
"310747895","Senior Manager, Sales Operations - APAC","Advertising","Ads Core","Singapore, Singapore","2024-01-08T05:18:57.000Z","https://jobs.netflix.com/jobs/310747895","2024-01-08T00:00:00.000","Open","108"
"322539403","Engineering Manager, Observability - Troubleshooting","Core Engineering","Productivity Engineering","Los Gatos, California","2024-01-05T22:14:03.000Z","https://jobs.netflix.com/jobs/322539403","2024-01-05T00:00:00.000","Open","111"
"312112746","Staff Product Designer, Member Experience","Design","Product Design","Remote, California","2024-01-05T16:59:32.000Z","https://jobs.netflix.com/jobs/312112746","2024-01-05T00:00:00.000","Open","111"
"314535018","Staff Product Designer, Platform Product","Core Engineering","Platform Engineering","Remote, United States","2024-01-04T23:10:07.000Z","https://jobs.netflix.com/jobs/314535018","2024-01-04T00:00:00.000","Open","112"
"314050313","Events Ads Manager Mexico","Publicity","Events","Mexico City, Mexico","2024-01-03T21:50:23.000Z","https://jobs.netflix.com/jobs/314050313","2024-01-03T00:00:00.000","Closed","0"
"310447510","Marketing Production Manager Mexico","Creative Marketing Production","Marketing Core","Mexico City, Mexico","2023-12-28T18:50:06.000Z","https://jobs.netflix.com/jobs/310447510","2023-12-28T00:00:00.000","Open","119"
"309380194","Partner Engagement Manager","Business Development","Business Development","Mexico City, Mexico","2023-12-28T00:39:42.000Z","https://jobs.netflix.com/jobs/309380194","2023-12-28T00:00:00.000","Open","119"
"309098593","Localization Producer, Games","Creative Production","Product Discovery and Promotion","Los Gatos, California","2023-12-26T16:28:52.000Z","https://jobs.netflix.com/jobs/309098593","2023-12-26T00:00:00.000","Open","121"
"309054782","Manager, Public Policy - Japan","Legal and Public Policy","Public Policy","Tokyo, Japan","2023-12-26T08:44:08.000Z","https://jobs.netflix.com/jobs/309054782","2023-12-26T00:00:00.000","Open","121"
"308551239","Specialist, Talent & Events Security (Fixed Term Contract)","Corporate Real Estate, Employee Health, Workplace, and Security","Production Security and Intelligence","London, United Kingdom","2023-12-21T03:57:00.000Z","https://jobs.netflix.com/jobs/308551239","2023-12-21T00:00:00.000","Open","126"
"313023315","Manager, Ads Product Marketing - Measurement","Advertising","Partner Marketing","Los Angeles, California","2023-12-19T23:14:30.000Z","https://jobs.netflix.com/jobs/313023315","2023-12-19T00:00:00.000","Open","128"
"324955983","Counsel, Advertising Legal Affairs","Content Legal","Legal Core","Los Angeles, California","2023-12-19T22:18:13.000Z","https://jobs.netflix.com/jobs/324955983","2023-12-19T00:00:00.000","Open","128"
"321244769","Software Engineer, L5, Video Algorithms","Not Specified","Streaming Delivery","Remote, United States","2023-12-19T18:10:43.000Z","https://jobs.netflix.com/jobs/321244769","2023-12-19T00:00:00.000","Open","128"
"308370003","Machine Learning Scientist 4 - Content & Media ML Foundations","Data Science and Engineering","Content and Marketing DSE","Los Gatos, California","2023-12-18T22:00:15.000Z","https://jobs.netflix.com/jobs/308370003","2023-12-18T00:00:00.000","Open","129"
"312272631","Director, Technical Merchandising","Product Discovery and Promotion","Product Discovery and Promotion Core","Los Angeles, California","2023-12-18T21:42:32.000Z","https://jobs.netflix.com/jobs/312272631","2023-12-18T00:00:00.000","Open","129"
"307962096","Senior Researcher, Product Experience (Personalization & Member Experience)","Consumer Insights","Product Consumer Insights","Los Gatos, California","2023-12-15T22:41:40.000Z","https://jobs.netflix.com/jobs/307962096","2023-12-15T00:00:00.000","Open","132"
"307933835","Senior Mobile Engineer, Games Studio (Blue)","Netflix Games Studio","Game Development","Remote, United States","2023-12-15T17:40:37.000Z","https://jobs.netflix.com/jobs/307933835","2023-12-15T00:00:00.000","Open","132"
"307714832","Senior Manager, Post Production - Korea","Post Production Management","Production","Seoul, South Korea","2023-12-14T03:02:41.000Z","https://jobs.netflix.com/jobs/307714832","2023-12-14T00:00:00.000","Open","133"
"307707690","Manager, IP Relations","Content","APAC Content","Tokyo, Japan","2023-12-14T01:49:17.000Z","https://jobs.netflix.com/jobs/307707690","2023-12-14T00:00:00.000","Open","133"
"307929148","Senior Creative Designer, External Games","Netflix Games Studio","External Games Production","Los Gatos, California","2023-12-13T21:08:07.000Z","https://jobs.netflix.com/jobs/307929148","2023-12-13T00:00:00.000","Open","134"
"313330574","Director of Customer Service, LATAM","Customer Service","Customer Service Administration","Mexico City, Mexico","2023-12-13T20:09:39.000Z","https://jobs.netflix.com/jobs/313330574","2023-12-13T00:00:00.000","Open","134"
"307593403","Pan-Regional Communications Specialist - APAC (Open to hire in SG, IN, KR, or JP)","Communications","Communications","Singapore, Singapore","2023-12-13T05:48:02.000Z","https://jobs.netflix.com/jobs/307593403","2023-12-13T00:00:00.000","Closed","132"
"307592929","Pan-Regional Communications Manager - APAC (Open to hire in SG, IN, KR, or JP)","Communications","Communications","Seoul, South Korea","2023-12-13T05:40:12.000Z","https://jobs.netflix.com/jobs/307592929","2023-12-13T00:00:00.000","Open","134"
"307578738","Administrative Assistant, Marketing & PR - CEE","Publicity","PR Core","Warsaw, Poland","2023-12-13T03:11:11.000Z","https://jobs.netflix.com/jobs/307578738","2023-12-13T00:00:00.000","Open","134"
"306921965","Coordinator, Marketing Creative & Production - Japan","Marketing Production","Creative Marketing Production","Tokyo, Japan","2023-12-08T05:50:35.000Z","https://jobs.netflix.com/jobs/306921965","2023-12-08T00:00:00.000","Open","139"
"311235289","Senior Concept Artist, Games Studio (Blue)","Not Specified","Game Development","Remote, United States","2023-12-07T23:47:36.000Z","https://jobs.netflix.com/jobs/311235289","2023-12-07T00:00:00.000","Open","140"
"306886915","Senior Gameplay Animation Engineer, Games Studio (Blue)","Netflix Games Studio","Game Development","Remote, United States","2023-12-07T19:38:09.000Z","https://jobs.netflix.com/jobs/306886915","2023-12-07T00:00:00.000","Open","140"
"306855136","Specialist, Awards - APAC","Streaming Awards","Awards","Seoul, South Korea","2023-12-07T17:57:46.000Z","https://jobs.netflix.com/jobs/306855136","2023-12-07T00:00:00.000","Open","140"
"306538106","Events Manager - Korea","Publicity","Events","Seoul, South Korea","2023-12-05T08:33:34.000Z","https://jobs.netflix.com/jobs/306538106","2023-12-05T00:00:00.000","Open","142"
"306508857","Editorial Insights Content Analyst - France","Product Discovery and Promotion","Product Discovery and Promotion Editorial","Paris, France","2023-12-05T03:14:06.000Z","https://jobs.netflix.com/jobs/306508857","2023-12-05T00:00:00.000","Open","142"
"306395645","Art & Print Producer - Korea","Creative Marketing Production","Creative Marketing Production","Seoul, South Korea","2023-12-04T06:21:15.000Z","https://jobs.netflix.com/jobs/306395645","2023-12-04T00:00:00.000","Open","143"
"306005767","Director, Marketing Partnerships - Japan","Partner Marketing","Partner Marketing","Tokyo, Japan","2023-12-01T07:33:02.000Z","https://jobs.netflix.com/jobs/306005767","2023-12-01T00:00:00.000","Open","146"
"307700118","Administrative Assistant, Korea","Not Specified","Talent Acquisition","Seoul, South Korea","2023-12-01T02:41:58.000Z","https://jobs.netflix.com/jobs/307700118","2023-12-01T00:00:00.000","Open","146"
"306849104","Technical Research Team Manager","Customer Service","Customer Service Operations","Mexico City, Mexico","2023-12-01T01:25:31.000Z","https://jobs.netflix.com/jobs/306849104","2023-12-01T00:00:00.000","Open","146"
"305835240","Director, Regional Monetization","Product Management","Product Management Core","Seoul, South Korea","2023-11-30T01:04:25.000Z","https://jobs.netflix.com/jobs/305835240","2023-11-30T00:00:00.000","Open","147"
"305739264","Specialist, Communications - Japan","Publicity","Communications","Tokyo, Japan","2023-11-29T09:36:36.000Z","https://jobs.netflix.com/jobs/305739264","2023-11-29T00:00:00.000","Open","148"
"305495433","Manager, 3D Computer Vision and Graphics - Studio Media Algorithms","Data Science and Engineering","Data Science and Engineering","Los Gatos, California","2023-11-27T18:40:39.000Z","https://jobs.netflix.com/jobs/305495433","2023-11-27T00:00:00.000","Open","150"
"305481656","Software Engineer (L5), Device Automation","Partnership","Partner Ecosystem Core","Los Gatos, California","2023-11-27T16:31:08.000Z","https://jobs.netflix.com/jobs/305481656","2023-11-27T00:00:00.000","Closed","0"
"304803377","Analytics Engineer (L5) - Globalization","Data Science and Engineering","Data Science and Engineering","Amsterdam, Netherlands","2023-11-23T05:44:40.000Z","https://jobs.netflix.com/jobs/304803377","2023-11-23T00:00:00.000","Open","154"
"321574040","Research Engineer (L5) - Identity Algorithms","Data Science and Engineering","Data Science and Engineering","Los Gatos, California","2023-11-17T22:31:02.000Z","https://jobs.netflix.com/jobs/321574040","2023-11-17T00:00:00.000","Open","160"
"305802719","Distributed Systems Engineer (L4) - Cloud Engineering","Core Engineering","Cloud Infrastructure","Remote, United States","2023-11-17T01:09:58.000Z","https://jobs.netflix.com/jobs/305802719","2023-11-17T00:00:00.000","Open","160"
"314051036","Events Manager (SONOLA)","Publicity","Events","Bogota, Colombia","2023-11-16T23:58:26.000Z","https://jobs.netflix.com/jobs/314051036","2023-11-16T00:00:00.000","Closed","0"
"308384265","Associate, Revenue Management & Analytics","Finance","F&S Commerce","Los Gatos, California","2023-11-15T02:15:53.000Z","https://jobs.netflix.com/jobs/308384265","2023-11-15T00:00:00.000","Open","162"
"325717431","Technical Support Engineer (L5) - Productivity","Core Engineering","Platform Engineering","Los Gatos, California","2023-11-15T02:08:06.000Z","https://jobs.netflix.com/jobs/325717431","2023-11-15T00:00:00.000","Open","162"
"304727898","Technical Support Engineer (L5) - Data Platform, Big Data / Analytics","Core Engineering","Platform Engineering","Los Gatos, California","2023-11-14T19:08:40.000Z","https://jobs.netflix.com/jobs/304727898","2023-11-14T00:00:00.000","Open","163"
"313125990","Department Assistant EMEA - Fixed Term 12 Months","Talent and Recruiting","Human Resources Core","Amsterdam, Netherlands","2023-11-09T06:26:48.000Z","https://jobs.netflix.com/jobs/313125990","2023-11-09T00:00:00.000","Open","168"
"311144447","Solutions Software Engineer (L5) - Studio Tech Solutions","Product Discovery and Promotion","Content Engineering Core","Los Angeles, California","2023-11-08T21:59:54.000Z","https://jobs.netflix.com/jobs/311144447","2023-11-08T00:00:00.000","Open","169"
"302507551","Manager, Inclusion Strategy - Japan","Talent and Recruiting","Human Resources Core","Tokyo, Japan","2023-11-08T05:19:13.000Z","https://jobs.netflix.com/jobs/302507551","2023-11-08T00:00:00.000","Open","169"
"307402013","Software Engineer (5), Membership Engineering","Core Engineering","Revenue and Growth Engineering","Los Gatos, California","2023-11-07T16:23:43.000Z","https://jobs.netflix.com/jobs/307402013","2023-11-07T00:00:00.000","Open","170"
"303348642","Manager, Ads FS&A - Product Platform","Advertising","FS&A, Ads","Los Angeles, California","2023-10-27T00:25:00.000Z","https://jobs.netflix.com/jobs/303348642","2023-10-27T00:00:00.000","Open","181"
"301384773","Capacity Planning Analyst, CS Workforce Management","Customer Service","Customer Service Operations","Mexico City, Mexico","2023-10-26T00:47:46.000Z","https://jobs.netflix.com/jobs/301384773","2023-10-26T00:00:00.000","Open","182"
"319210716","Content Accountant","Finance","Controllership","Los Angeles, California","2023-10-25T23:28:38.000Z","https://jobs.netflix.com/jobs/319210716","2023-10-25T00:00:00.000","Open","183"
"326477657","CDN Site Reliability Engineer L4/5 - Open Connect","Not Specified","Streaming Delivery","Remote, United States","2023-10-24T00:47:24.000Z","https://jobs.netflix.com/jobs/326477657","2023-10-24T00:00:00.000","Open","184"
"299684338","Software Engineer (L4), Consumer ML Model Compute & Serving Systems","Core Engineering","Productivity Engineering","Remote, United States","2023-10-20T16:28:08.000Z","https://jobs.netflix.com/jobs/299684338","2023-10-20T00:00:00.000","Open","188"
"300157982","Machine Learning Engineer (L4) - Infrastructure Algorithms and ML","Data Science and Engineering","Data Science and Engineering","Los Gatos, California","2023-10-19T19:39:14.000Z","https://jobs.netflix.com/jobs/300157982","2023-10-19T00:00:00.000","Open","189"
"308954702","Associate, FP&A, Corporate","Financial Planning and Analysis","FP&A, Corporate","Los Gatos, California","2023-10-19T19:30:18.000Z","https://jobs.netflix.com/jobs/308954702","2023-10-19T00:00:00.000","Open","189"
"299375600","Distributed Systems Engineer, L5, OC Tools Runtime","Data Platform","Streaming Delivery","Remote, United States","2023-10-17T19:39:14.000Z","https://jobs.netflix.com/jobs/299375600","2023-10-17T00:00:00.000","Open","191"
"297415606","Manager, Space & Occupancy Planning - LA","Corporate Real Estate, Employee Health, Workplace, and Security","Workplace Operations and Real Estate","Los Angeles, California","2023-10-05T00:34:18.000Z","https://jobs.netflix.com/jobs/297415606","2023-10-05T00:00:00.000","Open","203"
"303383523","Android Software Engineer (L5) - Streaming and Discovery Experiences","Client and UI Engineering","Client UI Engineering","Remote, United States","2023-10-03T23:38:33.000Z","https://jobs.netflix.com/jobs/303383523","2023-10-03T00:00:00.000","Open","205"
"298140329","Security Engineer (L5) -  SaaS Security","Security","Information Security","Remote, United States","2023-10-02T20:04:20.000Z","https://jobs.netflix.com/jobs/298140329","2023-10-02T00:00:00.000","Open","206"
"325507908","Senior Mobile Engineer, Game Studio","Night School Studio","Night School Studio","Los Angeles, California","2023-09-29T16:09:25.000Z","https://jobs.netflix.com/jobs/325507908","2023-09-29T00:00:00.000","Open","209"
"314335778","Software Engineer, 5, Live Streaming Pipeline","Not Specified","Streaming Delivery","New York, New York","2023-09-29T15:44:03.000Z","https://jobs.netflix.com/jobs/314335778","2023-09-29T00:00:00.000","Open","209"
"314335212","Operations Manager 5, Live Broadcast Technology","Video Encoding and Streaming","Streaming Delivery","Los Angeles, California","2023-09-28T21:53:39.000Z","https://jobs.netflix.com/jobs/314335212","2023-09-28T00:00:00.000","Closed","207"
"296262117","Coordinator, Campaign Operations - Korea","Creative Marketing Production","Creative Marketing Production","Seoul, South Korea","2023-09-27T09:52:46.000Z","https://jobs.netflix.com/jobs/296262117","2023-09-27T00:00:00.000","Open","211"
"296019642","Senior Manager, FS&A, Games","Not Specified","FS&A, Games","Los Angeles, California","2023-09-22T23:18:45.000Z","https://jobs.netflix.com/jobs/296019642","2023-09-22T00:00:00.000","Closed","214"
"294906997","Partner Engagement Manager - Korea","Business Development","Business Development","Seoul, South Korea","2023-09-18T06:38:58.000Z","https://jobs.netflix.com/jobs/294906997","2023-09-18T00:00:00.000","Open","220"
"294888356","Manager, Talent Management - APAC","Talent and Recruiting","Talent Management","Tokyo, Japan","2023-09-18T03:30:17.000Z","https://jobs.netflix.com/jobs/294888356","2023-09-18T00:00:00.000","Open","220"
"294437882","Senior HRIS Business Analyst, Workday Recruiting L5","Talent and Recruiting","Human Resources Core","Los Gatos, California","2023-09-13T18:11:10.000Z","https://jobs.netflix.com/jobs/294437882","2023-09-13T00:00:00.000","Closed","224"
"294319141","Senior Manager, Growth Data Engineering","Data Science and Engineering","Data Science and Engineering","Los Gatos, California","2023-09-13T17:57:14.000Z","https://jobs.netflix.com/jobs/294319141","2023-09-13T00:00:00.000","Open","225"
"296038912","Software Engineer (L5) - iOS Player","Client and UI Engineering","Client UI Engineering","Remote, United States","2023-09-08T19:26:42.000Z","https://jobs.netflix.com/jobs/296038912","2023-09-08T00:00:00.000","Closed","0"
"293528519","Software Engineer (L5) - Streaming Algorithms","Client and UI Engineering","Client UI Engineering","Los Gatos, California","2023-09-08T17:19:27.000Z","https://jobs.netflix.com/jobs/293528519","2023-09-08T00:00:00.000","Open","230"
"322900600","Manager, Strategy & Analysis, Products & Technology - Security & Productivity","Financial Planning and Analysis","FS&A, Products & Technology","Los Gatos, California","2023-09-07T18:53:06.000Z","https://jobs.netflix.com/jobs/322900600","2023-09-07T00:00:00.000","Open","231"
"291199164","Editorial Insights Content Analyst - Korea","Product Discovery and Promotion","Product Discovery and Promotion Editorial","Seoul, South Korea","2023-08-23T00:56:17.000Z","https://jobs.netflix.com/jobs/291199164","2023-08-23T00:00:00.000","Open","246"
"302433233","Research Scientist (L4/5) - Studio Media Algorithms","Data Science and Engineering","Data Science and Engineering","Los Gatos, California","2023-08-17T18:04:10.000Z","https://jobs.netflix.com/jobs/302433233","2023-08-17T00:00:00.000","Open","252"
"295060161","AV Producer - Korea","Creative Marketing Production","Creative Marketing Production","Seoul, South Korea","2023-08-08T06:37:12.000Z","https://jobs.netflix.com/jobs/295060161","2023-08-08T00:00:00.000","Open","261"
"285995002","Software Engineer (L5) - Ads Platform Engineering","Advertising","Ads Core","Remote, United States","2023-07-17T20:41:20.000Z","https://jobs.netflix.com/jobs/285995002","2023-07-17T00:00:00.000","Open","283"
"282045499","Manager, Communications - Korea","Communications","PR Core","Seoul, South Korea","2023-06-22T02:12:57.000Z","https://jobs.netflix.com/jobs/282045499","2023-06-22T00:00:00.000","Open","308"
"322864137","Specialist, Security & Intelligence - Production","Security","Production Security and Intelligence","Los Angeles, California","2023-06-06T22:00:10.000Z","https://jobs.netflix.com/jobs/322864137","2023-06-06T00:00:00.000","Open","324"
"326300542","Manager, Ads Product Finance & Strategy - Consumer","Strategy and Analysis","FS&A, Ads","Los Angeles, California","2023-04-13T17:15:50.000Z","https://jobs.netflix.com/jobs/326300542","2023-04-13T00:00:00.000","Open","378"
"293284457","Data Engineer (L5) - Ads","Data Science and Engineering","Data Science and Engineering","Remote, United States","2023-03-21T19:52:27.000Z","https://jobs.netflix.com/jobs/293284457","2023-03-21T00:00:00.000","Open","401"
"323811086","Platform Manager, LinkedIn (UCAN Social)","Creative Marketing","Social Marketing","Los Angeles, California","2023-03-10T15:24:51.000Z","https://jobs.netflix.com/jobs/323811086","2023-03-10T00:00:00.000","Open","412"
"326155071","Content Accountant - Japan","Finance","Finance Core","Tokyo, Japan","2023-02-16T01:59:19.000Z","https://jobs.netflix.com/jobs/326155071","2023-02-16T00:00:00.000","Open","434"
"258912928","Principal Engineer - Ads Platform Engineering","Core Engineering","Creative Production and Promotion Engineering","Remote, United States","2023-01-24T21:29:22.000Z","https://jobs.netflix.com/jobs/258912928","2023-01-24T00:00:00.000","Open","457"
"256391665","Product Manager, Developer Platform - Developer Foundations","Core Engineering","Platform Engineering","Los Gatos, California","2022-12-21T23:16:22.000Z","https://jobs.netflix.com/jobs/256391665","2022-12-21T00:00:00.000","Open","491"
"319186453","Associate, Gaming Finance and Strategy","Strategy and Analysis","FS&A, Games","Los Angeles, California","2022-09-20T17:42:02.000Z","https://jobs.netflix.com/jobs/319186453","2022-09-20T00:00:00.000","Open","583"
"301551734","Data Engineer (L5)","Data Science and Engineering","Data Science and Engineering","Remote, United States","2022-08-24T07:55:51.000Z","https://jobs.netflix.com/jobs/301551734","2022-08-24T00:00:00.000","Open","610"
"294569011","Distributed Systems Engineer (L4) - Data Platform","Data Platform","Data Platform Engineering","Remote, United States","2022-06-07T20:41:30.000Z","https://jobs.netflix.com/jobs/294569011","2022-06-07T00:00:00.000","Open","688"
"269106661","Associate, FP&A","Financial Planning and Analysis","FP&A, Content","Los Angeles, California","2017-12-26T19:38:32.000Z","https://jobs.netflix.com/jobs/269106661","2017-12-26T00:00:00.000","Open","2312"
"318617176","Analytics Engineer (L4/5) - Pricing and Forecasting","Data Science and Engineering","Data Science and Engineering","Los Gatos, California","2024-02-02T20:34:54.000Z","https://jobs.netflix.com/jobs/318617176","2024-02-02T00:00:00.000","Closed","80"
"326817544","Design Director, Emerging Creative","Design","Product Design","Los Gatos, California","2024-04-18T21:26:29.000Z","https://jobs.netflix.com/jobs/326817544","2024-04-18T00:00:00.000","Closed","6"
"326831001","Administrative Assistant, Ads DSE","Data Science and Engineering","Data Science and Engineering","Los Gatos, California","2024-04-10T17:03:41.000Z","https://jobs.netflix.com/jobs/326831001","2024-04-10T00:00:00.000","Open","15"
"326907827","Technology Experience Specialist","Netflix Technology Services","Netflix Technology Services","Amsterdam, Netherlands","2024-04-10T09:16:35.000Z","https://jobs.netflix.com/jobs/326907827","2024-04-10T00:00:00.000","Open","15"
"326971150","Coordinator, Transportation","Production Management","Production Planning","Los Angeles, California","2024-04-19T18:43:21.000Z","https://jobs.netflix.com/jobs/326971150","2024-04-19T00:00:00.000","Open","6"
"326965109","Associate, Content Finance, Strategy & Analysis - LATAM","Strategy and Analysis","F&S Commerce","Mexico City, Mexico","2024-04-12T18:36:56.000Z","https://jobs.netflix.com/jobs/326965109","2024-04-12T00:00:00.000","Open","13"
"326997128","Sr Manager, Advertising Business Operations (Live Operations)","Advertising","Ads Core","New York, New York","2024-04-19T21:17:24.000Z","https://jobs.netflix.com/jobs/326997128","2024-04-19T00:00:00.000","Open","6"
"326997737","Project Specialist, Operations - Leadership Programs","Talent and Recruiting","Human Resources Core","Los Angeles, California","2024-04-18T19:01:08.000Z","https://jobs.netflix.com/jobs/326997737","2024-04-18T00:00:00.000","Open","7"
"327403376","Production Director - Games","Next Games","Next Games","Helsinki, Finland","2024-04-22T06:29:46.000Z","https://jobs.netflix.com/jobs/327403376","2024-04-22T00:00:00.000","Open","3"
"315271761","Senior Manager, Publicity (Films)","Publicity","Publicity","Mumbai, India","2024-02-08T01:39:21.000Z","https://jobs.netflix.com/jobs/315271761","2024-02-08T00:00:00.000","Open","77"
"327478929","Senior Manager, Content & Marcomms FS&A","Strategy and Analysis","FS&A, Content","Mexico City, Mexico","2023-12-21T01:18:21.000Z","https://jobs.netflix.com/jobs/327478929","2023-12-21T00:00:00.000","Open","126"
"327500121","Manager, Paid Social","Creative Marketing","Media Marketing","Los Angeles, California","2024-04-15T19:39:02.000Z","https://jobs.netflix.com/jobs/327500121","2024-04-15T00:00:00.000","Open","10"
"327504873","Software Asset Management Specialist","Netflix Technology Services","Netflix Technology Services","Remote, United States","2024-04-22T20:32:57.000Z","https://jobs.netflix.com/jobs/327504873","2024-04-22T00:00:00.000","Open","3"
"327520939","Site Reliability Engineer L5/L6 - Live Streaming Pipeline","Streaming Delivery","Streaming Delivery","Los Gatos, California","2024-04-18T21:25:03.000Z","https://jobs.netflix.com/jobs/327520939","2024-04-18T00:00:00.000","Open","7"
"327657388","Director, Workplace (UCAN)","Corporate Real Estate, Employee Health, Workplace, and Security","Workplace Operations and Real Estate","Los Angeles, California","2024-04-17T17:41:15.000Z","https://jobs.netflix.com/jobs/327657388","2024-04-17T00:00:00.000","Open","8"
"327657449","ML Engineer (L5) - Ads Platform Engineering","Advertising","Ads Core","Remote, United States","2024-04-02T21:26:28.000Z","https://jobs.netflix.com/jobs/327657449","2024-04-02T00:00:00.000","Open","23"
"327670409","Technology Experience Specialist","Netflix Technology Services","Netflix Technology Services","Remote, United States","2024-04-23T17:58:58.000Z","https://jobs.netflix.com/jobs/327670409","2024-04-23T00:00:00.000","Closed","1"
"327531048","Technical Program Manager 5 - Consumer Identity and Access","Client and UI Engineering","Client UI Engineering","Los Gatos, California","2024-04-16T17:49:36.000Z","https://jobs.netflix.com/jobs/327531048","2024-04-16T00:00:00.000","Open","9"
"327676722","Manager, Media Ops - UCAN","Creative Marketing Production","Creative Marketing Production","Los Angeles, California","2024-01-15T19:31:32.000Z","https://jobs.netflix.com/jobs/327676722","2024-01-15T00:00:00.000","Open","101"
"327747215","Workplace Experience Specialist - Stockholm","Corporate Real Estate, Employee Health, Workplace, and Security","Workplace Operations and Real Estate","Stockholm, Sweden","2024-04-24T06:36:37.000Z","https://jobs.netflix.com/jobs/327747215","2024-04-24T00:00:00.000","Open","1"
"327720667","3D Generalist","Netflix Games Studio","Gaming","Los Angeles, California","2024-04-24T02:50:07.000Z","https://jobs.netflix.com/jobs/327720667","2024-04-24T00:00:00.000","Open","1"
"326011599","Team Assistant, Content - Benelux","Content Acquisition","EMEA Content","Amsterdam, Netherlands","2024-04-11T05:10:41.000Z","https://jobs.netflix.com/jobs/326011599","2024-04-11T00:00:00.000","Open","14"
"327693124","Workplace Coordinator","Corporate Real Estate, Employee Health, Workplace, and Security","Workplace Operations and Real Estate","Los Gatos, California","2024-02-26T21:31:41.000Z","https://jobs.netflix.com/jobs/327693124","2024-02-26T00:00:00.000","Open","59"
"327752522","Team Assistant, Content - Arabic","Creative Content","EMEA Content","Amsterdam, Netherlands","2024-04-24T07:20:17.000Z","https://jobs.netflix.com/jobs/327752522","2024-04-24T00:00:00.000","Open","1"
"327814031","Software Engineer (L6) - Ads Revenue Infrastructure","Security","Information Security","Remote, United States","2024-04-23T20:40:17.000Z","https://jobs.netflix.com/jobs/327814031","2024-04-23T00:00:00.000","Open","2"
"325364920","Photo & AV Studio Manager, Nordics","Publicity","Photo & AV Studio","Stockholm, Sweden","2024-04-04T01:33:13.000Z","https://jobs.netflix.com/jobs/325364920","2024-04-04T00:00:00.000","Open","21"
"327790033","UI Engineer (L5) - Messaging Tools","Core Engineering","Personalization Engineering","Remote, United States","2024-02-13T23:08:54.000Z","https://jobs.netflix.com/jobs/327790033","2024-02-13T00:00:00.000","Open","72"
"327814624","D&I Senior Manager, Game Production, External Games","Netflix Games Studio","Game Development","Los Angeles, California","2024-04-23T22:41:52.000Z","https://jobs.netflix.com/jobs/327814624","2024-04-23T00:00:00.000","Open","2"
"327827181","Associate, FS&A, Plans & Pricing","Finance","F&S Commerce","Los Angeles, California","2024-03-20T17:57:15.000Z","https://jobs.netflix.com/jobs/327827181","2024-03-20T00:00:00.000","Open","36"
"327832711","Counsel, Strategic Knowledge Management","Legal and Public Policy","Corporate Legal","Los Angeles, California","2024-02-06T19:54:03.000Z","https://jobs.netflix.com/jobs/327832711","2024-02-06T00:00:00.000","Closed","78"
"327831127","Senior Manager, FS&A, Games","Strategy and Analysis","FS&A, Games","Los Angeles, California","2023-09-22T23:18:45.000Z","https://jobs.netflix.com/jobs/327831127","2023-09-22T00:00:00.000","Open","216"
"327837752","Associate Manager, Post Production - LIVE","Creative Content","Nonfiction Series & Comedy Specials","Los Angeles, California","2024-04-24T19:24:47.000Z","https://jobs.netflix.com/jobs/327837752","2024-04-24T00:00:00.000","Open","1"
"327837156","Associate Manager, Post Production - Nonfiction Sports","Creative Content","Nonfiction Series & Comedy Specials","Los Angeles, California","2024-04-24T19:15:59.000Z","https://jobs.netflix.com/jobs/327837156","2024-04-24T00:00:00.000","Open","1"
"327857926","Client Services Coordinator - ABQ","Production Services and Technology","Studio Management","Albuquerque, New Mexico","2023-09-26T19:50:46.000Z","https://jobs.netflix.com/jobs/327857926","2023-09-26T00:00:00.000","Open","212"
"327869272","Ad Ops Manager - Live","Advertising","Ads Core","Los Angeles, California","2024-04-24T16:01:21.000Z","https://jobs.netflix.com/jobs/327869272","2024-04-24T00:00:00.000","Open","1"
"327888387","Production Security Specialist, Content Risk Management - APAC","Security","Production Security and Intelligence","Tokyo, Japan","2024-04-02T05:09:15.000Z","https://jobs.netflix.com/jobs/327888387","2024-04-02T00:00:00.000","Closed","23"
"327867276","Applied Research Scientist (L4) - Content and Studio","Data Science and Engineering","Content and Marketing DSE","Los Gatos, California","2024-01-23T22:03:42.000Z","https://jobs.netflix.com/jobs/327867276","2024-01-23T00:00:00.000","Open","93"
"327875145","Manager, Audience & Marketplace Insights","Advertising","Ads Core","New York, New York","2023-08-14T19:24:45.000Z","https://jobs.netflix.com/jobs/327875145","2023-08-14T00:00:00.000","Open","255"
"327936957","Manager, Corporate Policy","Legal and Public Policy","Public Policy","Amsterdam, Netherlands","2024-01-23T08:44:41.000Z","https://jobs.netflix.com/jobs/327936957","2024-01-23T00:00:00.000","Open","93"
